predictor,uniprot_acc,gene_symbol,set,n_variants,pathogenic_fraction,auroc,separation,frac_ambiguous
alphamissense,A3KMH1,VWA8,mito,11,0.09090909090909091,0.9,1.7055115533298513,0.18181818181818182
alphamissense,O00142,TK2,mito,44,0.9318181818181818,0.934959349593496,2.546167469748372,0.13636363636363635
alphamissense,O00170,AIP,mito,10,0.5,1.0,2.681872020974899,0.1
alphamissense,O00330,PDHX,mito,12,0.16666666666666666,0.55,0.729636589046188,0.0
alphamissense,O00411,POLRMT,mito,45,0.15555555555555556,0.9736842105263158,3.0790241899685666,0.044444444444444446
alphamissense,O00429,DNM1L,mito,36,0.9722222222222222,0.9714285714285714,7.77139049146188,0.0
alphamissense,O00462,MANBA,control,15,0.2,0.9722222222222222,3.519083164070125,0.13333333333333333
alphamissense,O14521,SDHD,mito,31,0.8709677419354839,1.0,5.115085717481221,0.0
alphamissense,O14526,FCHO1,control,14,0.14285714285714285,1.0,12.567867297635651,0.07142857142857142
alphamissense,O14802,POLR3A,control,29,0.7586206896551724,0.9805194805194806,3.8908959531890357,0.034482758620689655
alphamissense,O14832,PHYH,mito,11,0.7272727272727273,1.0,4.129341088910356,0.0
alphamissense,O14905,WNT9B,control,11,0.09090909090909091,1.0,3.267978820067734,0.18181818181818182
alphamissense,O15091,PRORP,mito,14,0.35714285714285715,0.9555555555555555,2.765680316037594,0.14285714285714285
alphamissense,O15160,POLR1C,control,20,0.85,1.0,6.514339709922289,0.05
alphamissense,O15270,SPTLC2,mito,24,0.4166666666666667,0.8071428571428572,1.6961535108524999,0.08333333333333333
alphamissense,O15382,BCAT2,mito,11,0.2727272727272727,1.0,6.647139548026589,0.09090909090909091
alphamissense,O15457,MSH4,control,10,0.5,0.84,1.4917115285610614,0.0
alphamissense,O15528,CYP27B1,mito,38,0.8947368421052632,1.0,3.4534127029577224,0.2631578947368421
alphamissense,O15553,MEFV,control,18,0.5555555555555556,0.5750000000000001,0.5114825231286316,0.1111111111111111
alphamissense,O43175,PHGDH,control,15,0.8,0.7222222222222222,0.5308324105958763,0.06666666666666667
alphamissense,O43186,CRX,control,27,0.6296296296296297,1.0,7.362759721035767,0.07407407407407407
alphamissense,O43272,PRODH,mito,17,0.11764705882352941,0.9,1.6089779172417829,0.058823529411764705
alphamissense,O43295,SRGAP3,control,10,0.1,1.0,8.484361052488214,0.1
alphamissense,O43405,COCH,control,26,0.7692307692307693,0.9916666666666667,3.406773842936749,0.15384615384615385
alphamissense,O43424,GRID2,control,11,0.45454545454545453,1.0,8.197815192550985,0.09090909090909091
alphamissense,O43772,SLC25A20,mito,11,0.8181818181818182,0.9444444444444444,3.983936567614662,0.0
alphamissense,O43791,SPOP,control,12,0.8333333333333334,1.0,7.945156918474533,0.0
alphamissense,O60260,PRKN,mito,33,0.5757575757575758,0.9360902255639098,2.5049303731549535,0.0
alphamissense,O60313,OPA1,mito,21,0.3333333333333333,0.9285714285714286,1.7340564216684191,0.047619047619047616
alphamissense,O60890,OPHN1,control,29,0.3448275862068966,0.9000000000000001,1.8900896963799125,0.0
alphamissense,O75027,ABCB7,mito,31,0.2903225806451613,0.994949494949495,3.604058190861599,0.06451612903225806
alphamissense,O75360,PROP1,control,47,0.8723404255319149,0.959349593495935,1.2950926456631329,0.02127659574468085
alphamissense,O75398,DEAF1,control,64,0.75,0.9908854166666666,5.006941745292073,0.0
alphamissense,O75419,CDC45,control,12,0.4166666666666667,0.8571428571428571,0.6161212681021945,0.0
alphamissense,O75439,PMPCB,mito,14,0.2857142857142857,1.0,4.2187203101198305,0.21428571428571427
alphamissense,O75530,EED,control,16,0.8125,1.0,12.415606067074796,0.0
alphamissense,O75534,CSDE1,control,11,0.2727272727272727,0.9166666666666666,2.0593467990413123,0.09090909090909091
alphamissense,O75648,TRMU,mito,36,0.6111111111111112,0.9415584415584415,1.9462378739102102,0.1111111111111111
alphamissense,O75695,RP2,mito,45,0.4222222222222222,0.9736842105263158,3.2240280724387778,0.044444444444444446
alphamissense,O75879,GATB,mito,20,0.1,1.0,2.883658644918809,0.1
alphamissense,O75907,DGAT1,control,12,0.5,1.0,43.95350857537953,0.0
alphamissense,O75916,RGS9,control,12,0.08333333333333333,1.0,5.190648590696669,0.0
alphamissense,O94761,RECQL4,mito,67,0.1044776119402985,0.786904761904762,1.2487342278254077,0.029850746268656716
alphamissense,O94925,GLS,mito,15,0.5333333333333333,0.9464285714285714,3.316349395281007,0.0
alphamissense,O95140,MFN2,mito,127,0.9606299212598425,0.9885245901639345,4.220751002854686,0.03937007874015748
alphamissense,O95202,LETM1,mito,26,0.19230769230769232,0.9904761904761904,3.798364381001283,0.0
alphamissense,O95299,NDUFA10,mito,13,0.46153846153846156,0.9047619047619047,1.8934180745781506,0.07692307692307693
alphamissense,O95352,ATG7,control,12,0.3333333333333333,0.90625,2.0491062268731146,0.08333333333333333
alphamissense,O95363,FARS2,mito,37,0.7027027027027027,0.9825174825174825,2.2246640641768956,0.10810810810810811
alphamissense,O95571,ETHE1,mito,23,0.8695652173913043,0.9,2.0286344800722538,0.0
alphamissense,O95630,STAMBP,control,10,0.7,1.0,6.353709617649905,0.1
alphamissense,O95822,MLYCD,mito,17,0.23529411764705882,0.9038461538461537,1.699243411103744,0.058823529411764705
alphamissense,O95831,AIFM1,mito,66,0.6515151515151515,0.8564206268958543,1.4353214391189113,0.13636363636363635
alphamissense,O95970,LGI1,control,19,0.8421052631578947,0.9166666666666667,1.9944077957195128,0.0
alphamissense,O95996,APC2,mito,40,0.05,0.986842105263158,4.952094258024953,0.025
alphamissense,P00367,GLUD1,mito,23,0.6086956521739131,0.8253968253968254,1.4316193469938068,0.0
alphamissense,P00387,CYB5R3,mito,22,0.8181818181818182,1.0,3.739898401072052,0.09090909090909091
alphamissense,P00390,GSR,mito,11,0.18181818181818182,1.0,3.421323064121206,0.18181818181818182
alphamissense,P00480,OTC,mito,276,0.9637681159420289,0.9349624060150377,2.368232441174975,0.07971014492753623
alphamissense,P00505,GOT2,mito,12,0.25,1.0,6.287304960433395,0.0
alphamissense,P00748,F12,control,18,0.2777777777777778,0.9692307692307693,1.8305686203506066,0.0
alphamissense,P00813,ADA,control,56,0.8571428571428571,0.9036458333333334,2.049231107357261,0.05357142857142857
alphamissense,P01116,KRAS,control,70,0.9857142857142858,0.9420289855072463,2.935673457627697,0.02857142857142857
alphamissense,P01127,PDGFB,control,18,0.4444444444444444,0.8624999999999999,1.8280080182980245,0.16666666666666666
alphamissense,P01213,PDYN,control,10,0.2,1.0,10.35734990018365,0.0
alphamissense,P02533,KRT14,control,57,0.8070175438596491,0.9960474308300394,5.042424315214651,0.05263157894736842
alphamissense,P02647,APOA1,control,19,0.8421052631578947,0.9791666666666667,4.129602551662057,0.10526315789473684
alphamissense,P02671,FGA,control,20,0.6,0.9895833333333334,3.0389289029612256,0.15
alphamissense,P02675,FGB,control,14,0.5714285714285714,1.0,2.9133725112846043,0.0
alphamissense,P02768,ALB,control,14,0.5,0.7346938775510204,1.1396114395447656,0.07142857142857142
alphamissense,P04180,LCAT,control,30,0.6666666666666666,0.985,2.633995113951343,0.1
alphamissense,P04181,OAT,mito,45,0.8888888888888888,0.985,4.603737623088744,0.044444444444444446
alphamissense,P04350,TUBB4A,control,49,0.9183673469387755,0.8500000000000001,1.7158848319079094,0.061224489795918366
alphamissense,P04792,HSPB1,control,24,0.875,1.0,3.0685521430365297,0.041666666666666664
alphamissense,P05067,APP,control,46,0.5434782608695652,0.7885714285714286,1.024038367903482,0.08695652173913043
alphamissense,P05093,CYP17A1,control,68,0.8823529411764706,0.9916666666666667,3.6378842117922283,0.07352941176470588
alphamissense,P05108,CYP11A1,mito,20,0.75,0.88,1.7248495345341741,0.2
alphamissense,P05165,PCCA,mito,50,0.84,0.8898809523809523,2.8378292527034907,0.06
alphamissense,P05166,PCCB,mito,75,0.96,0.9768518518518519,3.107378415772413,0.02666666666666667
alphamissense,P06858,LPL,control,78,0.8846153846153846,0.9855072463768116,4.113820146605943,0.0641025641025641
alphamissense,P07320,CRYGD,control,15,0.5333333333333333,0.5892857142857143,0.4520668708230403,0.13333333333333333
alphamissense,P07384,CAPN1,control,14,0.35714285714285715,0.9333333333333333,1.672884632302868,0.07142857142857142
alphamissense,P07602,PSAP,mito,28,0.6785714285714286,0.9473684210526316,2.6071220746143404,0.10714285714285714
alphamissense,P07954,FH,mito,167,0.9640718562874252,0.9979296066252589,7.117448796263606,0.023952095808383235
alphamissense,P08100,RHO,control,140,0.95,0.9140708915145006,2.0620437992826974,0.03571428571428571
alphamissense,P08243,ASNS,control,32,0.84375,0.9777777777777777,3.187082912360745,0.09375
alphamissense,P08514,ITGA2B,control,87,0.8850574712643678,0.9753246753246753,2.984828425454427,0.16091954022988506
alphamissense,P08559,PDHA1,mito,180,0.9222222222222223,0.9763339070567986,4.290089389888092,0.03333333333333333
alphamissense,P09622,DLD,mito,20,0.8,0.984375,3.4737603725179906,0.0
alphamissense,P10515,DLAT,mito,16,0.125,1.0,18.71032639488008,0.0
alphamissense,P10809,HSPD1,mito,10,0.8,0.9375,2.4136265706193556,0.1
alphamissense,P10827,THRA,control,12,0.75,1.0,4.953144688096308,0.0
alphamissense,P11171,EPB41,control,10,0.4,0.875,1.5738438882654058,0.0
alphamissense,P11177,PDHB,mito,13,0.7692307692307693,0.9,2.0244297927165156,0.07692307692307693
alphamissense,P11182,DBT,mito,36,0.7222222222222222,0.9538461538461539,2.6028920405726956,0.027777777777777776
alphamissense,P11310,ACADM,mito,141,0.9858156028368794,0.3345323741007194,-0.33861155319203523,0.2127659574468085
alphamissense,P11473,VDR,mito,20,0.9,1.0,13.214261032433976,0.0
alphamissense,P11498,PC,mito,46,0.43478260869565216,0.9980769230769231,6.062457368330946,0.043478260869565216
alphamissense,P11511,CYP19A1,control,19,0.631578947368421,1.0,3.5382409699533075,0.21052631578947367
alphamissense,P11586,MTHFD1,control,16,0.3125,1.0,9.697451342699555,0.0
alphamissense,P12235,SLC25A4,mito,15,0.8,1.0,12.966453170580058,0.0
alphamissense,P12694,BCKDHA,mito,56,0.8571428571428571,0.96875,2.9614428482642374,0.017857142857142856
alphamissense,P12814,ACTN1,control,22,0.8181818181818182,0.9444444444444444,3.0523505550091525,0.09090909090909091
alphamissense,P13473,LAMP2,control,26,0.2692307692307692,0.631578947368421,0.15959806387484257,0.07692307692307693
alphamissense,P13498,CYBA,control,16,0.75,1.0,5.739541909113542,0.0
alphamissense,P13804,ETFA,mito,11,0.7272727272727273,0.875,1.1237244349919573,0.0
alphamissense,P15382,KCNE1,control,10,0.7,1.0,2.577998749526122,0.2
alphamissense,P15538,CYP11B1,mito,65,0.8615384615384616,0.9781746031746031,2.456031368501641,0.23076923076923078
alphamissense,P16157,ANK1,control,21,0.3333333333333333,0.923469387755102,1.367931515296894,0.047619047619047616
alphamissense,P16219,ACADS,mito,36,0.8611111111111112,0.7290322580645161,0.9154112184759785,0.1388888888888889
alphamissense,P16278,GLB1,control,159,0.9056603773584906,0.9842592592592593,2.5430696127882304,0.13836477987421383
alphamissense,P16435,POR,mito,17,0.8823529411764706,1.0,9.591155261081992,0.0
alphamissense,P16615,ATP2A2,control,49,0.8367346938775511,0.9878048780487805,4.611622042900378,0.02040816326530612
alphamissense,P17302,GJA1,control,52,0.9807692307692307,1.0,6.287350880861716,0.038461538461538464
alphamissense,P18507,GABRG2,control,51,0.8431372549019608,1.0,8.906270357905703,0.0196078431372549
alphamissense,P19099,CYP11B2,mito,38,0.5,0.9889196675900277,3.9495447568538187,0.13157894736842105
alphamissense,P19438,TNFRSF1A,control,44,0.7045454545454546,0.9528535980148883,3.2817948300359285,0.022727272727272728
alphamissense,P19971,TYMP,mito,50,0.9,0.9199999999999999,2.212237650293864,0.12
alphamissense,P20062,TCN2,control,18,0.05555555555555555,0.8235294117647058,1.6696759787677273,0.05555555555555555
alphamissense,P20711,DDC,control,43,0.8372093023255814,0.9642857142857142,3.142466140151445,0.11627906976744186
alphamissense,P20916,MAG,control,13,0.3076923076923077,1.0,6.274918045524974,0.07692307692307693
alphamissense,P20933,AGA,control,29,0.6896551724137931,0.95,2.2565657741085117,0.034482758620689655
alphamissense,P21397,MAOA,mito,11,0.36363636363636365,0.8928571428571428,2.389206551248506,0.0
alphamissense,P21549,AGXT,mito,138,0.9130434782608695,0.9642857142857143,2.587963995702385,0.17391304347826086
alphamissense,P21583,KITLG,control,11,0.7272727272727273,0.9583333333333334,2.4329734305922335,0.2727272727272727
alphamissense,P21757,MSR1,control,14,0.35714285714285715,0.6000000000000001,0.950388162588247,0.07142857142857142
alphamissense,P21912,SDHB,mito,82,0.926829268292683,0.9890350877192983,6.353100013091658,0.0
alphamissense,P21953,BCKDHB,mito,70,0.9428571428571428,0.9810606060606061,3.397550746825728,0.05714285714285714
alphamissense,P22001,KCNA3,control,22,0.7272727272727273,0.8958333333333334,2.734881842862613,0.0
alphamissense,P22033,MMUT,mito,174,0.9597701149425287,0.9965782720273738,5.430507529446828,0.034482758620689655
alphamissense,P22413,ENPP1,control,33,0.8484848484848485,0.8857142857142857,1.7184275723122533,0.06060606060606061
alphamissense,P22557,ALAS2,mito,48,0.75,0.9328703703703703,2.0918131971879643,0.08333333333333333
alphamissense,P22570,FDXR,mito,25,0.44,0.9090909090909092,2.0847143702792246,0.12
alphamissense,P22830,FECH,mito,25,0.6,1.0,3.3436206508544135,0.04
alphamissense,P23378,GLDC,mito,167,0.8982035928143712,0.9780392156862746,3.6868593409611132,0.0658682634730539
alphamissense,P23526,AHCY,control,14,0.7142857142857143,0.925,1.9318025497176063,0.07142857142857142
alphamissense,P23786,CPT2,mito,40,0.75,0.8866666666666667,1.7606812411249906,0.125
alphamissense,P24468,NR2F2,control,12,0.8333333333333334,0.95,1.9541847158188033,0.0
alphamissense,P24752,ACAT1,mito,58,0.9482758620689655,0.9575757575757575,3.2139501270676725,0.13793103448275862
alphamissense,P25189,MPZ,control,91,0.989010989010989,1.0,6.425513879272436,0.06593406593406594
alphamissense,P25445,FAS,mito,43,0.8604651162790697,0.936936936936937,2.182926922051186,0.09302325581395349
alphamissense,P25705,ATP5F1A,mito,12,0.4166666666666667,0.8857142857142858,3.437533020952575,0.0
alphamissense,P26440,IVD,mito,11,0.9090909090909091,0.5,0.7686700782688751,0.09090909090909091
alphamissense,P28715,ERCC5,control,23,0.43478260869565216,1.0,4.435038778298277,0.043478260869565216
alphamissense,P30084,ECHS1,mito,47,0.8936170212765957,0.8238095238095238,1.1246179965753238,0.14893617021276595
alphamissense,P30279,CCND2,control,12,0.6666666666666666,1.0,17.846297364625766,0.0
alphamissense,P30301,MIP,mito,10,0.6,1.0,2.9318206151287813,0.0
alphamissense,P30793,GCH1,control,36,0.9722222222222222,1.0,4.895050151870242,0.027777777777777776
alphamissense,P31040,SDHA,mito,46,0.5,0.9300567107750474,1.953455195734542,0.0
alphamissense,P31321,PRKAR1B,control,10,0.5,0.7600000000000001,1.280317258192624,0.0
alphamissense,P31327,CPS1,mito,106,0.6132075471698113,0.9744840525328331,3.618333332784094,0.03773584905660377
alphamissense,P32322,PYCR1,mito,18,0.7777777777777778,0.9821428571428572,3.7032301373873184,0.1111111111111111
alphamissense,P33527,ABCC1,control,22,0.045454545454545456,0.8095238095238095,-0.17612359602808017,0.045454545454545456
alphamissense,P33897,ABCD1,mito,289,0.7612456747404844,0.9655138339920948,3.3657601921995224,0.031141868512110725
alphamissense,P34059,GALNS,control,119,0.9159663865546218,0.928440366972477,2.128638532502205,0.14285714285714285
alphamissense,P35218,CA5A,mito,11,0.18181818181818182,1.0,5.91508715922213,0.09090909090909091
alphamissense,P35523,CLCN1,control,131,0.8931297709923665,0.9700854700854701,2.7954691069953426,0.03816793893129771
alphamissense,P35680,HNF1B,control,85,0.9411764705882353,0.9400000000000001,2.143163160936055,0.047058823529411764
alphamissense,P35712,SOX6,control,25,0.36,0.8263888888888888,1.6383945381824248,0.12
alphamissense,P35914,HMGCL,mito,20,0.85,1.0,3.6464253874271453,0.0
alphamissense,P36551,CPOX,mito,19,0.47368421052631576,0.9777777777777779,3.2674519162413587,0.05263157894736842
alphamissense,P36776,LONP1,mito,106,0.08490566037735849,0.9438717067583047,2.483560430078545,0.03773584905660377
alphamissense,P38117,ETFB,mito,10,0.6,1.0,5.1762525879006995,0.1
alphamissense,P38571,LIPA,control,52,0.7884615384615384,0.9977827050997783,4.640907603313886,0.07692307692307693
alphamissense,P38606,ATP6V1A,control,26,0.9230769230769231,0.9791666666666667,3.815201203191651,0.038461538461538464
alphamissense,P39210,MPV17,mito,15,0.9333333333333333,0.9285714285714286,1.5120796430386108,0.13333333333333333
alphamissense,P40337,VHL,control,203,0.8275862068965517,0.9589285714285714,3.11864058759616,0.034482758620689655
alphamissense,P40926,MDH2,mito,10,0.4,1.0,13.070447318030729,0.0
alphamissense,P40939,HADHA,mito,30,0.7333333333333333,0.9545454545454546,3.3565318281803105,0.03333333333333333
alphamissense,P41250,GARS1,mito,44,0.6136363636363636,0.9673202614379084,2.761444923798953,0.022727272727272728
alphamissense,P42262,GRIA2,control,36,0.7777777777777778,0.9732142857142857,2.626487264898925,0.027777777777777776
alphamissense,P42704,LRPPRC,mito,39,0.23076923076923078,0.9777777777777779,3.237865976859221,0.07692307692307693
alphamissense,P42771,CDKN2A,control,52,0.7307692307692307,0.9830827067669172,4.242255181979918,0.0
alphamissense,P43003,SLC1A3,control,11,0.18181818181818182,0.8888888888888888,1.2874729989835776,0.09090909090909091
alphamissense,P43235,CTSK,control,28,0.8928571428571429,0.9466666666666667,2.7076635109569684,0.0
alphamissense,P43897,TSFM,mito,12,0.5,0.9166666666666667,2.178210015926707,0.08333333333333333
alphamissense,P45379,TNNT2,control,51,0.9411764705882353,0.8055555555555556,1.1017776751224433,0.0196078431372549
alphamissense,P45954,ACADSB,mito,13,0.6923076923076923,1.0,2.5668824464263857,0.15384615384615385
alphamissense,P48728,AMT,mito,40,0.875,0.942857142857143,2.5773873383393133,0.05
alphamissense,P48735,IDH2,mito,11,0.5454545454545454,0.9666666666666668,3.3846705268830592,0.0
alphamissense,P49335,POU3F4,control,33,0.8787878787878788,0.9396551724137931,2.8997317964123517,0.030303030303030304
alphamissense,P49419,ALDH7A1,mito,72,0.9027777777777778,0.9516483516483516,2.5870915425411223,0.06944444444444445
alphamissense,P49588,AARS1,control,40,0.425,0.9846547314578005,4.14258574308408,0.025
alphamissense,P49590,HARS2,mito,16,0.6875,0.890909090909091,1.8274888578509396,0.25
alphamissense,P49748,ACADVL,mito,157,0.9617834394904459,0.9977924944812362,2.9725236864088815,0.1337579617834395
alphamissense,P49773,HINT1,mito,12,0.9166666666666666,1.0,7.683097829118233,0.08333333333333333
alphamissense,P49821,NDUFV1,mito,26,0.8076923076923077,0.9714285714285714,2.950087315873854,0.07692307692307693
alphamissense,P49916,LIG3,mito,16,0.25,0.9375,2.829750349912941,0.0625
alphamissense,P50281,MMP14,control,12,0.16666666666666666,0.8,1.0096721326086906,0.08333333333333333
alphamissense,P50402,EMD,control,17,0.35294117647058826,0.803030303030303,1.0521053777232896,0.058823529411764705
alphamissense,P50416,CPT1A,mito,40,0.625,0.9973333333333333,4.918255533419641,0.0
alphamissense,P50440,GATM,mito,15,0.6,1.0,2.6355028514123586,0.13333333333333333
alphamissense,P51159,RAB27A,control,20,0.9,1.0,6.327069461564553,0.05
alphamissense,P51168,SCNN1B,control,27,0.5185185185185185,0.8846153846153846,1.6539646470285654,0.14814814814814814
alphamissense,P51530,DNA2,mito,19,0.21052631578947367,0.9333333333333333,2.443089877250766,0.05263157894736842
alphamissense,P51648,ALDH3A2,mito,43,0.813953488372093,0.9678571428571427,3.156774366434863,0.046511627906976744
alphamissense,P51649,ALDH5A1,mito,66,0.8333333333333334,0.9983471074380165,4.828746344667413,0.16666666666666666
alphamissense,P51659,HSD17B4,mito,57,0.7368421052631579,0.96984126984127,2.8169184996498204,0.08771929824561403
alphamissense,P51687,SUOX,mito,23,0.6086956521739131,0.9365079365079365,2.7631245824886523,0.08695652173913043
alphamissense,P51790,CLCN3,control,18,0.8333333333333334,0.9555555555555556,3.6933059133169976,0.05555555555555555
alphamissense,P51801,CLCNKB,control,48,0.4791666666666667,0.9930434782608696,3.3758578224094866,0.041666666666666664
alphamissense,P51812,RPS6KA3,control,52,0.7884615384615384,1.0,6.9967702259948865,0.019230769230769232
alphamissense,P52429,DGKE,control,14,0.7857142857142857,0.9696969696969697,4.286372597142961,0.0
alphamissense,P52848,NDST1,control,10,0.4,0.875,3.1133761686117865,0.0
alphamissense,P52952,NKX2-5,control,39,0.717948717948718,0.9415584415584416,3.23304210630117,0.02564102564102564
alphamissense,P53597,SUCLG1,mito,12,0.75,1.0,3.719869197771304,0.0
alphamissense,P53674,CRYBB1,control,13,0.5384615384615384,0.9523809523809524,2.27388501056598,0.0
alphamissense,P53701,HCCS,mito,19,0.21052631578947367,1.0,3.7978551436346484,0.05263157894736842
alphamissense,P54098,POLG,mito,135,0.8666666666666667,0.9924026590693258,4.204607153727661,0.044444444444444446
alphamissense,P54819,AK2,mito,15,0.5333333333333333,0.8928571428571428,1.8867538146748757,0.0
alphamissense,P54840,GYS2,control,26,0.3076923076923077,0.9375,2.965208641941852,0.0
alphamissense,P54868,HMGCS2,mito,21,0.9523809523809523,0.95,3.934106119006481,0.09523809523809523
alphamissense,P54886,ALDH18A1,mito,33,0.7575757575757576,0.96,2.9423205389280973,0.15151515151515152
alphamissense,P55084,HADHB,mito,26,0.9230769230769231,0.9791666666666667,4.2567406894147855,0.07692307692307693
alphamissense,P55201,BRPF1,control,27,0.25925925925925924,1.0,5.193230399638404,0.1111111111111111
alphamissense,P55809,OXCT1,mito,12,0.6666666666666666,1.0,2.266920981474255,0.0
alphamissense,P56696,KCNQ4,control,43,0.7209302325581395,0.9946236559139785,3.8667039412270037,0.0
alphamissense,P58012,FOXL2,control,39,0.9230769230769231,0.9629629629629629,3.2790687889824914,0.07692307692307693
alphamissense,P60484,PTEN,control,255,0.9725490196078431,0.9965437788018433,6.99548497956499,0.00784313725490196
alphamissense,P61626,LYZ,control,13,0.23076923076923078,1.0,7.985420756228758,0.07692307692307693
alphamissense,P61981,YWHAG,control,16,0.8125,1.0,61.93223246338626,0.0
alphamissense,P62070,RRAS2,control,10,0.8,1.0,86.86386595649728,0.0
alphamissense,P62879,GNB2,control,15,0.8,1.0,12.442385607822725,0.0
alphamissense,P63267,ACTG2,control,40,0.975,0.5641025641025641,-0.37236472164968215,0.0
alphamissense,P67775,PPP2CA,control,23,0.7391304347826086,0.9607843137254902,2.4066673819076243,0.043478260869565216
alphamissense,P78562,PHEX,control,171,0.8245614035087719,0.9684397163120567,3.3791976412228113,0.023391812865497075
alphamissense,P80365,HSD11B2,control,17,0.5882352941176471,1.0,2.2602704748204783,0.11764705882352941
alphamissense,P80404,ABAT,mito,13,0.7692307692307693,1.0,4.361783483419066,0.0
alphamissense,P82930,MRPS34,mito,10,0.2,1.0,3.4849674176012466,0.0
alphamissense,Q00577,PURA,control,86,0.686046511627907,0.9500941619585688,2.419919563335288,0.011627906976744186
alphamissense,Q01453,PMP22,mito,36,0.9166666666666666,1.0,9.431828180202004,0.0
alphamissense,Q01718,MC2R,control,25,0.76,0.9561403508771931,2.355404930310592,0.12
alphamissense,Q01959,SLC6A3,control,12,0.4166666666666667,1.0,8.564862916626778,0.08333333333333333
alphamissense,Q02094,RHAG,control,12,0.75,1.0,3.8511326081018264,0.0
alphamissense,Q02127,DHODH,mito,15,0.4666666666666667,0.9821428571428571,1.3803228909231209,0.0
alphamissense,Q02252,ALDH6A1,mito,10,0.6,1.0,2.9062920645215047,0.0
alphamissense,Q02318,CYP27A1,mito,39,0.7692307692307693,0.9555555555555555,2.7926404547760386,0.15384615384615385
alphamissense,Q02750,MAP2K1,control,49,0.9183673469387755,0.6916666666666667,1.1892937667877792,0.0
alphamissense,Q03112,MECOM,control,15,0.13333333333333333,1.0,4.283171879619732,0.0
alphamissense,Q04844,CHRNE,control,50,0.86,0.9202657807308969,1.8608789025109407,0.16
alphamissense,Q06945,SOX4,control,19,0.6842105263157895,1.0,11.940349006929866,0.0
alphamissense,Q07021,C1QBP,mito,11,0.36363636363636365,1.0,10.940516168677037,0.0
alphamissense,Q07837,SLC3A1,control,45,0.9333333333333333,0.9682539682539683,2.4451941491588816,0.15555555555555556
alphamissense,Q07973,CYP24A1,mito,23,0.5217391304347826,0.9772727272727272,3.217705239583945,0.08695652173913043
alphamissense,Q08209,PPP3CA,control,26,0.8076923076923077,0.9619047619047619,3.426163216619197,0.038461538461538464
alphamissense,Q08J23,NSUN2,mito,15,0.3333333333333333,0.9,2.9317538831547725,0.06666666666666667
alphamissense,Q10713,PMPCA,mito,12,0.5833333333333334,0.8857142857142857,2.0187698303766086,0.0
alphamissense,Q12887,COX10,mito,14,0.5,1.0,5.572395841041618,0.07142857142857142
alphamissense,Q12946,FOXF1,control,36,0.6944444444444444,0.9854545454545454,6.625598979235587,0.0
alphamissense,Q12980,NPRL3,control,12,0.08333333333333333,1.0,20.058896506758987,0.0
alphamissense,Q13153,PAK1,control,30,0.8333333333333334,0.888,2.253805148056935,0.03333333333333333
alphamissense,Q13207,TBX2,control,13,0.3076923076923077,0.638888888888889,0.5636737467741509,0.0
alphamissense,Q13253,NOG,control,30,0.8333333333333334,1.0,6.413650933584631,0.06666666666666667
alphamissense,Q13286,CLN3,control,27,0.8518518518518519,0.9347826086956521,2.9061414004031065,0.1111111111111111
alphamissense,Q13415,ORC1,mito,23,0.2608695652173913,0.892156862745098,1.1478267909883164,0.0
alphamissense,Q13423,NNT,mito,23,0.391304347826087,1.0,11.882019214372416,0.0
alphamissense,Q13426,XRCC4,control,11,0.2727272727272727,0.75,1.0110761491956415,0.0
alphamissense,Q13461,FOXE3,control,23,0.4782608695652174,0.9924242424242424,3.9092250600319494,0.08695652173913043
alphamissense,Q13472,TOP3A,mito,14,0.21428571428571427,0.6969696969696969,0.9843840219397911,0.07142857142857142
alphamissense,Q13501,SQSTM1,control,13,0.38461538461538464,0.875,1.7805555596302454,0.07692307692307693
alphamissense,Q13509,TUBB3,control,65,0.8461538461538461,0.7090909090909091,0.6228416010062388,0.046153846153846156
alphamissense,Q13627,DYRK1A,control,18,0.16666666666666666,0.9333333333333333,1.3857366622108018,0.05555555555555555
alphamissense,Q13825,AUH,mito,10,0.7,1.0,13.968265979143357,0.0
alphamissense,Q13885,TUBB2A,control,44,0.7727272727272727,0.8352941176470589,1.323833582588881,0.0
alphamissense,Q14203,DCTN1,control,43,0.20930232558139536,0.9673202614379085,3.5476680652248205,0.046511627906976744
alphamissense,Q14671,PUM1,control,13,0.23076923076923078,1.0,6.233542075271671,0.0
alphamissense,Q15031,LARS2,mito,31,0.7096774193548387,0.9343434343434343,1.6767810201124946,0.0967741935483871
alphamissense,Q15046,KARS1,mito,25,0.68,0.9926470588235294,4.112817520978799,0.08
alphamissense,Q15147,PLCB4,control,17,0.5294117647058824,1.0,5.356664238185252,0.0
alphamissense,Q15437,SEC23B,control,23,0.6521739130434783,0.8583333333333334,1.6047705339549498,0.13043478260869565
alphamissense,Q15526,SURF1,mito,30,0.9333333333333333,0.9642857142857143,2.9517907114377087,0.03333333333333333
alphamissense,Q15751,HERC1,control,39,0.05128205128205128,1.0,10.245487414331981,0.02564102564102564
alphamissense,Q16134,ETFDH,mito,103,0.9514563106796117,0.9959183673469388,3.016280929181247,0.13592233009708737
alphamissense,Q16281,CNGA3,control,137,0.8905109489051095,0.9983606557377049,3.260578281709934,0.145985401459854
alphamissense,Q16595,FXN,mito,11,0.5454545454545454,1.0,7.956267305783347,0.0
alphamissense,Q16795,NDUFA9,mito,17,0.35294117647058826,0.9696969696969697,2.4957234499967105,0.0
alphamissense,Q16854,DGUOK,mito,19,0.8947368421052632,0.9705882352941176,2.371572774473151,0.21052631578947367
alphamissense,Q32P41,TRMT5,mito,11,0.09090909090909091,1.0,11.881596407038446,0.09090909090909091
alphamissense,Q330K2,NDUFAF6,mito,17,0.5882352941176471,1.0,2.1472153909188094,0.23529411764705882
alphamissense,Q3MJ13,WDR72,control,19,0.21052631578947367,0.8416666666666667,1.671347784309467,0.10526315789473684
alphamissense,Q3SXY8,ARL13B,control,12,0.5,1.0,3.3482852784871495,0.25
alphamissense,Q3T906,GNPTAB,control,53,0.6981132075471698,0.9442567567567568,2.77348219346277,0.018867924528301886
alphamissense,Q4G176,ACSF3,mito,23,0.34782608695652173,0.9416666666666668,2.22970690791989,0.08695652173913043
alphamissense,Q53R41,FASTKD1,mito,10,0.1,1.0,13.192792808714001,0.0
alphamissense,Q5EBM0,CMPK2,mito,10,0.3,0.9523809523809524,1.9455139961810322,0.1
alphamissense,Q5FBB7,SGO1,control,10,0.1,1.0,5.911416654004525,0.1
alphamissense,Q5HYA8,TMEM67,control,76,0.9078947368421053,0.9461697722567288,2.13342701543258,0.13157894736842105
alphamissense,Q5JPH6,EARS2,mito,21,0.7142857142857143,0.9444444444444445,1.579353871589004,0.047619047619047616
alphamissense,Q5JRX3,PITRM1,mito,45,0.044444444444444446,0.9767441860465116,3.91869266277746,0.08888888888888889
alphamissense,Q5JSL3,DOCK11,control,15,0.6,0.888888888888889,1.5817354738252776,0.06666666666666667
alphamissense,Q5JTZ9,AARS2,mito,43,0.46511627906976744,0.9173913043478261,1.655051415076008,0.13953488372093023
alphamissense,Q5T160,RARS2,mito,36,0.7222222222222222,0.976923076923077,1.848625019795688,0.16666666666666666
alphamissense,Q5T280,SPOUT1,control,10,0.6,1.0,5.6616162054873795,0.0
alphamissense,Q5T440,IBA57,mito,17,0.5882352941176471,0.8142857142857143,0.9707858737139697,0.23529411764705882
alphamissense,Q5TEU4,NDUFAF5,mito,25,0.8,0.95,2.3280035969959703,0.08
alphamissense,Q5THJ4,VPS13D,mito,52,0.19230769230769232,0.9880952380952381,4.346477290305618,0.07692307692307693
alphamissense,Q68CP9,ARID2,control,81,0.024691358024691357,0.9936708860759493,5.775684843113496,0.06172839506172839
alphamissense,Q68CZ1,RPGRIP1L,control,25,0.4,0.8666666666666667,1.5228952447341255,0.12
alphamissense,Q6NUK1,SLC25A24,mito,12,0.25,0.8888888888888888,1.8428903641937362,0.0
alphamissense,Q6NVY1,HIBCH,mito,25,0.64,0.7847222222222222,0.981866929957115,0.04
alphamissense,Q6P1J9,CDC73,control,10,0.7,1.0,5.349523502355951,0.1
alphamissense,Q6P4I2,WDR73,control,11,0.45454545454545453,1.0,2.4043562780906393,0.0
alphamissense,Q6PD62,CTR9,control,29,0.5172413793103449,0.9142857142857144,2.8633436339611547,0.034482758620689655
alphamissense,Q6PI48,DARS2,mito,26,0.6923076923076923,0.9305555555555556,1.8864022944024397,0.15384615384615385
alphamissense,Q6Y288,B3GLCT,control,11,0.36363636363636365,1.0,8.83287249928144,0.0
alphamissense,Q6ZMI0,PPP1R21,control,10,0.2,1.0,2.533340209920213,0.0
alphamissense,Q6ZMP0,THSD4,control,19,0.05263157894736842,1.0,65.68838457761252,0.0
alphamissense,Q6ZVN8,HJV,control,18,0.7777777777777778,1.0,3.9567006793682817,0.05555555555555555
alphamissense,Q6ZWH5,NEK10,control,12,0.3333333333333333,1.0,2.9132880022073975,0.0
alphamissense,Q70HW3,SLC25A26,mito,12,0.3333333333333333,1.0,4.371654143590543,0.0
alphamissense,Q7L2E3,DHX30,mito,43,0.2558139534883721,0.9857954545454546,3.404192161115448,0.023255813953488372
alphamissense,Q7L3T8,PARS2,mito,11,0.18181818181818182,0.8333333333333334,1.4171766599733207,0.09090909090909091
alphamissense,Q7L5A8,FA2H,control,31,0.7419354838709677,0.9456521739130435,2.1528755087225875,0.0967741935483871
alphamissense,Q7L8L6,FASTKD5,mito,12,0.25,1.0,2.6494505026586084,0.0
alphamissense,Q7LBC6,KDM3B,control,59,0.2542372881355932,0.953030303030303,3.052326752461361,0.0
alphamissense,Q7LGC8,CHST3,control,34,0.7058823529411765,1.0,6.797812558408951,0.029411764705882353
alphamissense,Q86WG5,SBF2,control,10,0.2,1.0,60.147708822542576,0.0
alphamissense,Q86XE5,HOGA1,mito,58,0.9137931034482759,1.0,2.1000984618129652,0.1206896551724138
alphamissense,Q86YT5,SLC13A5,control,13,0.8461538461538461,1.0,7.304044642131338,0.07692307692307693
alphamissense,Q8IUX1,TMEM126B,mito,11,0.18181818181818182,0.8333333333333334,1.2589748475885612,0.0
alphamissense,Q8IV16,GPIHBP1,control,29,0.3793103448275862,0.9848484848484849,3.6154666721664586,0.10344827586206896
alphamissense,Q8IV33,KIAA0825,control,13,0.23076923076923078,0.8999999999999999,1.6360776329824076,0.07692307692307693
alphamissense,Q8IVH4,MMAA,mito,22,0.9545454545454546,0.9047619047619048,2.493727358732182,0.045454545454545456
alphamissense,Q8IWZ6,BBS7,control,12,0.9166666666666666,0.9090909090909091,2.3957591102642466,0.25
alphamissense,Q8N130,SLC34A3,control,35,0.42857142857142855,0.99,2.70708418235073,0.05714285714285714
alphamissense,Q8N135,LGI4,control,15,0.4666666666666667,0.9107142857142857,1.809919889731139,0.06666666666666667
alphamissense,Q8N159,NAGS,mito,15,0.6666666666666666,0.9400000000000001,2.643846585624392,0.06666666666666667
alphamissense,Q8N3C0,ASCC3,control,17,0.29411764705882354,1.0,62.080138395972206,0.0
alphamissense,Q8N3I7,BBS5,control,12,0.9166666666666666,0.8181818181818182,2.3169452837990265,0.08333333333333333
alphamissense,Q8N3U4,STAG2,control,24,0.4166666666666667,0.95,3.4956916356480408,0.041666666666666664
alphamissense,Q8N442,GUF1,mito,14,0.07142857142857142,0.5384615384615384,-0.5519759483220594,0.07142857142857142
alphamissense,Q8N465,D2HGDH,mito,24,0.5,0.9444444444444444,3.3230661486745254,0.08333333333333333
alphamissense,Q8N490,PNKD,mito,18,0.16666666666666666,0.6444444444444444,0.3615259937484128,0.1111111111111111
alphamissense,Q8N5F7,NKAP,control,10,0.3,1.0,16.986837296490013,0.0
alphamissense,Q8NFJ9,BBS1,control,22,0.8636363636363636,0.8421052631578948,1.4151876212391632,0.09090909090909091
alphamissense,Q8NI60,COQ8A,mito,42,0.7380952380952381,1.0,7.249772799638372,0.07142857142857142
alphamissense,Q8TAP6,CEP76,control,12,0.6666666666666666,0.875,1.7779231499065875,0.08333333333333333
alphamissense,Q8TCG5,CPT1C,mito,17,0.17647058823529413,0.8333333333333333,1.0845452993919922,0.17647058823529413
alphamissense,Q8TCS8,PNPT1,mito,23,0.6086956521739131,0.9761904761904763,2.5582116653508127,0.043478260869565216
alphamissense,Q8TD30,GPT2,mito,10,0.4,1.0,11.046195768140777,0.0
alphamissense,Q8TF50,ZNF526,control,12,0.16666666666666666,0.9,1.3723035763576763,0.08333333333333333
alphamissense,Q8WWV3,RTN4IP1,mito,14,0.5,0.8367346938775511,1.251873125044425,0.14285714285714285
alphamissense,Q8WWZ3,EDARADD,control,13,0.8461538461538461,1.0,8.582278183009025,0.0
alphamissense,Q8WXG6,MADD,mito,13,0.3076923076923077,0.7222222222222222,1.426292412232423,0.07692307692307693
alphamissense,Q8WYB5,KAT6B,control,178,0.05056179775280899,0.7790927021696252,0.9274544563048833,0.10674157303370786
alphamissense,Q8WYQ3,CHCHD10,mito,15,0.26666666666666666,0.8863636363636364,1.8417183545566405,0.0
alphamissense,Q8WZ55,BSND,control,13,0.6923076923076923,1.0,3.8482261694487097,0.23076923076923078
alphamissense,Q92558,WASF1,control,14,0.21428571428571427,0.7878787878787878,1.102772027602633,0.0
alphamissense,Q92838,EDA,control,150,0.8533333333333334,0.9133522727272727,2.142175544555672,0.04666666666666667
alphamissense,Q92947,GCDH,mito,184,0.9728260869565217,0.9195530726256983,2.0313933487325033,0.19021739130434784
alphamissense,Q969G2,LHX4,control,12,0.3333333333333333,0.75,0.849858739858936,0.0
alphamissense,Q969G3,SMARCE1,control,26,0.5769230769230769,1.0,5.300180780257831,0.0
alphamissense,Q969H0,FBXW7,control,19,0.6842105263157895,1.0,49.67958316458351,0.0
alphamissense,Q969S9,GFM2,mito,25,0.08,0.9130434782608696,3.0675590361842575,0.0
alphamissense,Q969Y2,GTPBP3,mito,22,0.5909090909090909,0.9743589743589743,2.5251693046192307,0.18181818181818182
alphamissense,Q969Z4,RELT,control,14,0.2857142857142857,1.0,3.8018844592118346,0.0
alphamissense,Q96AG3,SLC25A46,mito,16,0.625,1.0,6.493831760502668,0.0625
alphamissense,Q96AY3,FKBP10,mito,12,0.75,0.7407407407407408,1.3345986548335997,0.08333333333333333
alphamissense,Q96C36,PYCR2,mito,14,0.7857142857142857,0.9696969696969697,3.596806583341672,0.07142857142857142
alphamissense,Q96CU9,FOXRED1,mito,11,0.6363636363636364,0.8214285714285714,1.1569880970968567,0.09090909090909091
alphamissense,Q96D53,COQ8B,mito,21,0.5714285714285714,0.9722222222222222,2.8597106716011433,0.14285714285714285
alphamissense,Q96DP5,MTFMT,mito,19,0.3157894736842105,0.7435897435897436,0.8741975959865584,0.05263157894736842
alphamissense,Q96DW6,SLC25A38,mito,19,0.8421052631578947,1.0,3.814352652126189,0.0
alphamissense,Q96EG1,ARSG,control,19,0.3157894736842105,1.0,6.366204477699729,0.05263157894736842
alphamissense,Q96EY8,MMAB,mito,32,0.8125,0.8910256410256411,1.667300960303582,0.125
alphamissense,Q96GM8,TOE1,control,21,0.5238095238095238,0.9363636363636363,1.9110483759541386,0.0
alphamissense,Q96H96,COQ2,mito,15,0.6666666666666666,1.0,7.676060973863826,0.0
alphamissense,Q96HD1,CRELD1,control,10,0.3,0.9523809523809524,2.1244818224469477,0.1
alphamissense,Q96HY7,DHTKD1,mito,17,0.11764705882352941,0.8333333333333334,1.3796741238940746,0.0
alphamissense,Q96I59,NARS2,mito,17,0.5294117647058824,0.9027777777777778,1.7722781732000885,0.0
alphamissense,Q96IR7,HPDL,mito,29,0.7931034482758621,0.9927536231884058,3.1888212194292893,0.13793103448275862
alphamissense,Q96IV0,NGLY1,control,20,0.5,1.0,8.096345691872319,0.0
alphamissense,Q96JX3,SERAC1,mito,20,0.35,1.0,5.8262330516056,0.05
alphamissense,Q96MS0,ROBO3,control,39,0.4358974358974359,0.8743315508021391,1.6278906502706572,0.2564102564102564
alphamissense,Q96PY6,NEK1,control,12,0.3333333333333333,0.9375,2.521077343859525,0.08333333333333333
alphamissense,Q96Q11,TRNT1,mito,13,0.5384615384615384,1.0,7.736857821117137,0.07692307692307693
alphamissense,Q96QS3,ARX,control,53,0.49056603773584906,0.9871794871794872,3.626834499145584,0.018867924528301886
alphamissense,Q96RD7,PANX1,control,12,0.16666666666666666,1.0,29.663289907002444,0.0
alphamissense,Q96RK4,BBS4,control,17,0.5294117647058824,0.8888888888888888,1.9223472879145893,0.058823529411764705
alphamissense,Q96RP9,GFM1,mito,27,0.5185185185185185,0.9835164835164836,2.7136676602844627,0.1111111111111111
alphamissense,Q96RQ3,MCCC1,mito,41,0.6341463414634146,0.9820512820512821,2.130097914462325,0.14634146341463414
alphamissense,Q96RR1,TWNK,mito,53,0.9433962264150944,1.0,2.267186008694377,0.11320754716981132
alphamissense,Q96S06,LMF1,control,36,0.05555555555555555,0.9852941176470588,5.8316067493555295,0.0
alphamissense,Q99497,PARK7,mito,11,0.7272727272727273,0.8333333333333334,1.15101156820083,0.0
alphamissense,Q99519,NEU1,control,44,0.6590909090909091,0.9655172413793104,2.0927517460275378,0.06818181818181818
alphamissense,Q99643,SDHC,mito,20,0.9,1.0,3.2178350105025895,0.2
alphamissense,Q99707,MTR,control,25,0.32,0.9779411764705882,3.0896261391273967,0.04
alphamissense,Q99714,HSD17B10,mito,21,0.7619047619047619,0.9625,1.792722472273874,0.14285714285714285
alphamissense,Q99758,ABCA3,control,62,0.6290322580645161,0.9966555183946488,3.37155675089079,0.016129032258064516
alphamissense,Q99797,MIPEP,mito,20,0.15,0.9803921568627451,3.2081814845204115,0.05
alphamissense,Q99798,ACO2,mito,18,0.8888888888888888,0.9375,2.4143077850743584,0.1111111111111111
alphamissense,Q99807,COQ7,mito,14,0.5,0.7142857142857143,1.5743200654712373,0.0
alphamissense,Q9BQ52,ELAC2,mito,22,0.45454545454545453,0.9666666666666667,2.6957251999382854,0.045454545454545456
alphamissense,Q9BQT8,SLC25A21,mito,12,0.08333333333333333,0.6363636363636364,0.6496819269949888,0.08333333333333333
alphamissense,Q9BSI4,TINF2,control,20,0.65,0.9780219780219781,1.836168402418051,0.25
alphamissense,Q9BUB7,TMEM70,mito,12,0.25,1.0,3.4161085828289552,0.16666666666666666
alphamissense,Q9BUM1,G6PC3,control,19,0.6842105263157895,1.0,5.711055172429489,0.15789473684210525
alphamissense,Q9BV79,MECR,mito,11,0.45454545454545453,0.9666666666666667,2.749045713232263,0.09090909090909091
alphamissense,Q9BVA0,KATNB1,control,26,0.15384615384615385,0.8863636363636365,1.7477717954897767,0.07692307692307693
alphamissense,Q9BW92,TARS2,mito,20,0.6,1.0,1.5122952305933235,0.0
alphamissense,Q9BX63,BRIP1,mito,62,0.14516129032258066,0.9528301886792453,2.5732551686720684,0.016129032258064516
alphamissense,Q9BXJ7,AMN,mito,10,0.4,0.9166666666666667,2.2271794379796996,0.1
alphamissense,Q9BXM0,PRX,mito,26,0.038461538461538464,0.96,2.69864423139032,0.038461538461538464
alphamissense,Q9BXM7,PINK1,mito,20,0.45,0.9898989898989898,3.638307591990428,0.0
alphamissense,Q9BY79,MFRP,control,10,0.5,1.0,3.8762738669372077,0.1
alphamissense,Q9BYJ1,ALOXE3,control,25,0.6,0.9133333333333333,2.3146765813231354,0.08
alphamissense,Q9BYV9,BACH2,control,18,0.05555555555555555,1.0,6.444458719294727,0.0
alphamissense,Q9GZS0,DNAI2,control,20,0.2,1.0,6.894950313727569,0.0
alphamissense,Q9H0R6,QRSL1,mito,11,0.18181818181818182,1.0,4.7842504071629595,0.09090909090909091
alphamissense,Q9H237,PORCN,control,31,0.4838709677419355,0.9916666666666667,4.716012123366393,0.03225806451612903
alphamissense,Q9H2U2,PPA2,mito,23,0.6086956521739131,0.9682539682539683,2.060342918895603,0.21739130434782608
alphamissense,Q9H324,ADAMTS10,control,22,0.36363636363636365,0.9642857142857143,4.2351554456825,0.0
alphamissense,Q9H3H1,TRIT1,mito,11,0.2727272727272727,0.8333333333333334,1.5014298329152593,0.18181818181818182
alphamissense,Q9H845,ACAD9,mito,43,0.7209302325581395,0.9086021505376345,1.876047166815839,0.11627906976744186
alphamissense,Q9H9P8,L2HGDH,mito,21,0.7142857142857143,0.9666666666666667,4.5022787300917635,0.0
alphamissense,Q9HA77,CARS2,mito,11,0.09090909090909091,0.09999999999999998,-1.5741269271753313,0.0
alphamissense,Q9HAN9,NMNAT1,control,40,0.975,0.9743589743589743,2.063510898880536,0.175
alphamissense,Q9HC21,SLC25A19,mito,17,0.7647058823529411,1.0,3.7651680672712,0.058823529411764705
alphamissense,Q9HCC0,MCCC2,mito,56,0.9642857142857143,0.9629629629629629,2.682979757405104,0.16071428571428573
alphamissense,Q9NP58,ABCB6,mito,21,0.38095238095238093,0.8557692307692308,1.4933855134097904,0.09523809523809523
alphamissense,Q9NPJ1,MKKS,control,25,0.68,0.9926470588235294,2.2309868111332634,0.2
alphamissense,Q9NQ66,PLCB1,control,10,0.2,1.0,2.494256247532967,0.0
alphamissense,Q9NQZ6,ZC4H2,control,29,0.8620689655172413,0.99,3.865845293689894,0.034482758620689655
alphamissense,Q9NSE4,IARS2,mito,21,0.2857142857142857,0.9111111111111111,1.321715231174393,0.047619047619047616
alphamissense,Q9NUD9,PIGV,control,12,0.6666666666666666,0.9375,2.402444246794376,0.16666666666666666
alphamissense,Q9NVS9,PNPO,mito,15,0.9333333333333333,1.0,3.2474940598010247,0.13333333333333333
alphamissense,Q9NVV4,MTPAP,mito,10,0.2,1.0,5.19745505205275,0.0
alphamissense,Q9NWS8,RMND1,mito,19,0.5789473684210527,0.9204545454545454,2.122329115253718,0.10526315789473684
alphamissense,Q9NWW5,CLN6,control,28,0.8571428571428571,1.0,2.850185863561064,0.10714285714285714
alphamissense,Q9NYY8,FASTKD2,mito,21,0.14285714285714285,1.0,2.561427120404217,0.0
alphamissense,Q9NZB8,MOCS1,mito,13,0.3076923076923077,1.0,10.272987945104974,0.0
alphamissense,Q9P0W8,SPATA7,control,15,0.2,1.0,3.5198873286247516,0.13333333333333333
alphamissense,Q9P2R7,SUCLA2,mito,18,0.5,0.9753086419753086,3.4024449056808743,0.05555555555555555
alphamissense,Q9UBC3,DNMT3B,control,28,0.6785714285714286,1.0,8.813740851174895,0.07142857142857142
alphamissense,Q9UBQ7,GRHPR,mito,29,0.7931034482758621,0.8985507246376812,2.081887605323661,0.06896551724137931
alphamissense,Q9UBT6,POLK,control,19,0.7894736842105263,1.0,1.3837880220990695,0.0
alphamissense,Q9UBY8,CLN8,control,29,0.8620689655172413,0.88,1.714551303070942,0.034482758620689655
alphamissense,Q9UDR5,AASS,mito,16,0.3125,0.7818181818181819,1.5021539483752786,0.0
alphamissense,Q9UGL1,KDM5B,control,19,0.42105263157894735,0.9090909090909091,2.4499853385909276,0.0
alphamissense,Q9UGM6,WARS2,mito,17,0.5294117647058824,0.9861111111111112,3.342078366094708,0.058823529411764705
alphamissense,Q9UHD2,TBK1,control,20,0.3,0.9166666666666666,3.031438477678937,0.0
alphamissense,Q9UHK6,AMACR,mito,10,0.2,1.0,8.502322308424867,0.1
alphamissense,Q9UHN1,POLG2,mito,11,0.18181818181818182,1.0,5.170419857286424,0.09090909090909091
alphamissense,Q9UI17,DMGDH,mito,11,0.09090909090909091,1.0,3.794583496085661,0.09090909090909091
alphamissense,Q9UIF7,MUTYH,mito,12,0.4166666666666667,0.28571428571428575,-0.6301121833266833,0.08333333333333333
alphamissense,Q9UJS0,SLC25A13,mito,22,0.8181818181818182,0.9722222222222222,3.417328758978874,0.0
alphamissense,Q9UK17,KCND3,control,36,0.7222222222222222,0.9384615384615385,2.9615637422219963,0.0
alphamissense,Q9UKA2,FBXL4,mito,27,0.9259259259259259,1.0,4.15827052226353,0.0
alphamissense,Q9UKU7,ACAD8,mito,21,0.6666666666666666,0.9387755102040817,2.0046422667967234,0.09523809523809523
alphamissense,Q9UL18,AGO1,control,14,0.9285714285714286,1.0,7.487013738031753,0.0
alphamissense,Q9ULD0,OGDHL,mito,12,0.25,0.8888888888888888,3.0154779854126192,0.0
alphamissense,Q9ULL5,PRR12,control,109,0.01834862385321101,0.9719626168224299,3.447514788037831,0.05504587155963303
alphamissense,Q9UM01,SLC7A7,control,20,0.8,0.828125,1.2718778503176338,0.0
alphamissense,Q9UM47,NOTCH3,control,341,0.750733137829912,0.9632352941176471,2.8618469862400624,0.04398826979472141
alphamissense,Q9UMS0,NFU1,mito,13,0.7692307692307693,1.0,3.628971287761442,0.15384615384615385
alphamissense,Q9UNE0,EDAR,control,44,0.8636363636363636,0.9035087719298246,1.7513218881962982,0.09090909090909091
alphamissense,Q9UPW5,AGTPBP1,control,11,0.45454545454545453,1.0,6.978061013345036,0.09090909090909091
alphamissense,Q9UQ90,SPG7,mito,41,0.8536585365853658,0.9952380952380953,3.082924265253836,0.04878048780487805
alphamissense,Q9UQD0,SCN8A,control,307,0.8794788273615635,0.9238738738738739,2.373344812678072,0.035830618892508145
alphamissense,Q9Y219,JAG2,control,21,0.09523809523809523,1.0,9.388227102553305,0.0
alphamissense,Q9Y276,BCS1L,mito,42,0.8809523809523809,0.9081081081081082,1.457540206710556,0.09523809523809523
alphamissense,Q9Y2I7,PIKFYVE,control,33,0.030303030303030304,0.65625,-0.31157427580723623,0.09090909090909091
alphamissense,Q9Y2Z2,MTO1,mito,10,0.4,1.0,14.59932489663021,0.0
alphamissense,Q9Y2Z4,YARS2,mito,15,0.8,1.0,2.721069774954923,0.06666666666666667
alphamissense,Q9Y2Z9,COQ6,mito,13,0.38461538461538464,0.95,3.0714897495816835,0.15384615384615385
alphamissense,Q9Y375,NDUFAF1,mito,12,0.25,0.8518518518518519,1.7264381408952258,0.16666666666666666
alphamissense,Q9Y399,MRPS2,mito,12,0.16666666666666666,1.0,2.9960269519097174,0.0
alphamissense,Q9Y3A0,COQ4,mito,21,0.6666666666666666,0.8877551020408164,1.5125896360068167,0.047619047619047616
alphamissense,Q9Y3Z3,SAMHD1,control,15,0.7333333333333333,0.9772727272727273,2.9915177078651713,0.06666666666666667
alphamissense,Q9Y4W6,AFG3L2,mito,41,0.975609756097561,1.0,19.327331381114877,0.0
alphamissense,Q9Y5Q3,MAFB,control,27,0.6666666666666666,0.9876543209876543,2.9721770129466183,0.0
alphamissense,Q9Y606,PUS1,mito,12,0.4166666666666667,0.8857142857142857,1.6955470105943224,0.0
alphamissense,Q9Y619,SLC25A15,mito,21,0.8095238095238095,0.9705882352941176,5.60069777605103,0.0
alphamissense,Q9Y6B7,AP4B1,control,14,0.21428571428571427,1.0,13.382566635661984,0.0
varity,A3KMH1,VWA8,mito,11,0.09090909090909091,0.6,-0.5760470378968965,0.0
varity,O00142,TK2,mito,44,0.9318181818181818,0.9674796747967479,3.1061409908741875,0.20454545454545456
varity,O00330,PDHX,mito,12,0.16666666666666666,0.45,0.4623561652727266,0.0
varity,O00411,POLRMT,mito,45,0.15555555555555556,0.9699248120300752,4.322703028903318,0.022222222222222223
varity,O00429,DNM1L,mito,36,0.9722222222222222,0.9714285714285714,5.851888467063585,0.027777777777777776
varity,O00462,MANBA,control,15,0.2,0.9166666666666666,2.4601145876908364,0.06666666666666667
varity,O14521,SDHD,mito,31,0.8709677419354839,1.0,11.315849754132811,0.03225806451612903
varity,O14526,FCHO1,control,14,0.14285714285714285,1.0,10.109930051790105,0.0
varity,O14802,POLR3A,control,29,0.7586206896551724,0.961038961038961,3.2406543034242783,0.06896551724137931
varity,O14832,PHYH,mito,11,0.7272727272727273,1.0,4.515953202228953,0.09090909090909091
varity,O14905,WNT9B,control,11,0.09090909090909091,1.0,4.314485849977281,0.18181818181818182
varity,O15091,PRORP,mito,14,0.35714285714285715,0.9777777777777777,2.8213191838430283,0.0
varity,O15160,POLR1C,control,20,0.85,1.0,5.10786583629526,0.15
varity,O15270,SPTLC2,mito,24,0.4166666666666667,0.8642857142857143,1.5390216772298415,0.08333333333333333
varity,O15382,BCAT2,mito,11,0.2727272727272727,1.0,3.0950607631761273,0.09090909090909091
varity,O15457,MSH4,control,10,0.5,0.92,2.3122717606539616,0.2
varity,O15528,CYP27B1,mito,38,0.8947368421052632,0.9632352941176471,3.107878130303242,0.05263157894736842
varity,O15553,MEFV,control,18,0.5555555555555556,0.7625,0.33485724825342655,0.1111111111111111
varity,O43175,PHGDH,control,15,0.8,0.6944444444444444,0.8062579903430049,0.06666666666666667
varity,O43186,CRX,control,27,0.6296296296296297,0.9705882352941176,3.827784443134878,0.037037037037037035
varity,O43295,SRGAP3,control,10,0.1,1.0,8.052966934673039,0.1
varity,O43405,COCH,control,26,0.7692307692307693,0.9416666666666667,3.0055040178629446,0.0
varity,O43424,GRID2,control,11,0.45454545454545453,0.9333333333333333,2.9914636343803513,0.2727272727272727
varity,O43772,SLC25A20,mito,11,0.8181818181818182,1.0,7.34036191995125,0.09090909090909091
varity,O43791,SPOP,control,12,0.8333333333333334,0.85,1.669835264104175,0.0
varity,O60260,PRKN,mito,33,0.5757575757575758,0.9323308270676692,2.032807241548445,0.030303030303030304
varity,O60313,OPA1,mito,19,0.2631578947368421,1.0,4.06917820910192,0.10526315789473684
varity,O60890,OPHN1,control,29,0.3448275862068966,0.8368421052631578,1.397400518334906,0.034482758620689655
varity,O75027,ABCB7,mito,31,0.2903225806451613,0.9797979797979797,3.5251374838648974,0.12903225806451613
varity,O75360,PROP1,control,47,0.8723404255319149,0.8902439024390244,1.357920838369629,0.0
varity,O75398,DEAF1,control,64,0.75,0.98046875,3.4777087667585787,0.09375
varity,O75419,CDC45,control,12,0.4166666666666667,0.9428571428571428,1.891738008452016,0.16666666666666666
varity,O75439,PMPCB,mito,14,0.2857142857142857,0.9500000000000001,2.9690473438674094,0.21428571428571427
varity,O75530,EED,control,16,0.8125,0.9743589743589745,3.3141228732469767,0.0
varity,O75534,CSDE1,control,11,0.2727272727272727,0.9583333333333334,2.207928301415808,0.09090909090909091
varity,O75648,TRMU,mito,35,0.6,0.9625850340136054,2.6963686212812346,0.0
varity,O75695,RP2,mito,44,0.4090909090909091,1.0,3.9709329718714628,0.13636363636363635
varity,O75879,GATB,mito,20,0.1,0.9444444444444444,2.6205967551644984,0.1
varity,O75907,DGAT1,control,12,0.5,1.0,3.4337715941058806,0.16666666666666666
varity,O75916,RGS9,control,12,0.08333333333333333,1.0,5.247773817145648,0.0
varity,O94761,RECQL4,mito,66,0.10606060606060606,0.7433414043583535,0.9153511444668821,0.030303030303030304
varity,O94925,GLS,mito,15,0.5333333333333333,0.9821428571428572,2.9784279570684933,0.06666666666666667
varity,O95140,MFN2,mito,127,0.9606299212598425,1.0,5.976948431669393,0.09448818897637795
varity,O95202,LETM1,mito,26,0.19230769230769232,0.9904761904761904,3.440770222142243,0.0
varity,O95299,NDUFA10,mito,13,0.46153846153846156,0.9047619047619049,2.163779912765739,0.0
varity,O95352,ATG7,control,12,0.3333333333333333,0.90625,1.930831521974737,0.08333333333333333
varity,O95363,FARS2,mito,37,0.7027027027027027,0.986013986013986,3.7978204056931726,0.02702702702702703
varity,O95571,ETHE1,mito,23,0.8695652173913043,0.9166666666666666,2.641415700610642,0.08695652173913043
varity,O95630,STAMBP,control,10,0.7,1.0,3.9634035159732357,0.1
varity,O95822,MLYCD,mito,17,0.23529411764705882,1.0,4.266292982815848,0.11764705882352941
varity,O95831,AIFM1,mito,66,0.6515151515151515,0.9069767441860465,1.9549164856976036,0.015151515151515152
varity,O95970,LGI1,control,19,0.8421052631578947,0.7083333333333334,1.6934905867275,0.05263157894736842
varity,O95996,APC2,mito,40,0.05,0.9736842105263158,3.62145042749105,0.175
varity,P00367,GLUD1,mito,23,0.6086956521739131,0.8412698412698414,1.5392331848911838,0.13043478260869565
varity,P00387,CYB5R3,mito,22,0.8181818181818182,1.0,5.024606007554811,0.045454545454545456
varity,P00390,GSR,mito,11,0.18181818181818182,1.0,4.192998908544558,0.0
varity,P00480,OTC,mito,276,0.9637681159420289,0.8781954887218045,1.5636364813374808,0.03260869565217391
varity,P00505,GOT2,mito,12,0.25,0.9629629629629629,2.331549087322382,0.0
varity,P00748,F12,control,18,0.2777777777777778,0.8307692307692307,1.6681672968840817,0.05555555555555555
varity,P00813,ADA,control,56,0.8571428571428571,0.9583333333333333,2.5424812536068897,0.03571428571428571
varity,P01116,KRAS,control,67,0.9850746268656716,1.0,15.90632825799293,0.014925373134328358
varity,P01127,PDGFB,control,18,0.4444444444444444,0.8749999999999999,1.606486663108736,0.1111111111111111
varity,P01213,PDYN,control,10,0.2,1.0,9.465771829917168,0.0
varity,P02533,KRT14,control,57,0.8070175438596491,0.950592885375494,2.804814446368926,0.12280701754385964
varity,P02647,APOA1,control,19,0.8421052631578947,0.9791666666666667,3.4327287995339844,0.10526315789473684
varity,P02671,FGA,control,20,0.6,0.9583333333333334,2.814425047284939,0.05
varity,P02675,FGB,control,14,0.5714285714285714,0.9375,2.3601341712959445,0.14285714285714285
varity,P02768,ALB,control,14,0.5,0.653061224489796,0.6537821886924976,0.21428571428571427
varity,P04180,LCAT,control,30,0.6666666666666666,0.9400000000000001,2.636231319492407,0.1
varity,P04181,OAT,mito,45,0.8888888888888888,1.0,5.685175905183556,0.022222222222222223
varity,P04350,TUBB4A,control,49,0.9183673469387755,0.48333333333333334,-0.16745954635447868,0.0
varity,P04792,HSPB1,control,24,0.875,0.9206349206349206,1.7362400343767093,0.08333333333333333
varity,P05067,APP,control,46,0.5434782608695652,0.8514285714285714,1.528444814015151,0.17391304347826086
varity,P05093,CYP17A1,control,68,0.8823529411764706,1.0,6.294088048376684,0.04411764705882353
varity,P05108,CYP11A1,mito,20,0.75,0.8933333333333333,1.5123158609615586,0.05
varity,P05165,PCCA,mito,50,0.84,0.9642857142857143,3.3104088457112373,0.02
varity,P05166,PCCB,mito,75,0.96,1.0,3.6007640881180474,0.0
varity,P06858,LPL,control,78,0.8846153846153846,0.9887278582930757,5.829222802931781,0.01282051282051282
varity,P07320,CRYGD,control,15,0.5333333333333333,0.5535714285714286,0.09724250546717032,0.06666666666666667
varity,P07384,CAPN1,control,14,0.35714285714285715,0.9111111111111112,1.631611929852184,0.07142857142857142
varity,P07602,PSAP,mito,28,0.6785714285714286,0.9707602339181287,2.5963366766236358,0.03571428571428571
varity,P07954,FH,mito,167,0.9640718562874252,0.9958592132505176,4.281281619501525,0.011976047904191617
varity,P08100,RHO,control,139,0.9496402877697842,0.9664502164502164,2.354503689172338,0.03597122302158273
varity,P08243,ASNS,control,32,0.84375,0.9925925925925927,4.180571370721459,0.0
varity,P08514,ITGA2B,control,87,0.8850574712643678,0.9415584415584415,2.5244220383086518,0.12643678160919541
varity,P08559,PDHA1,mito,178,0.9213483146067416,0.9690766550522649,2.207539348864653,0.016853932584269662
varity,P09622,DLD,mito,20,0.8,1.0,3.369265061542256,0.0
varity,P10515,DLAT,mito,16,0.125,1.0,8.086515998206135,0.0625
varity,P10809,HSPD1,mito,10,0.8,0.875,2.0594913007828883,0.1
varity,P10827,THRA,control,12,0.75,0.925925925925926,2.5013377592061796,0.25
varity,P11171,EPB41,control,10,0.4,0.9166666666666667,2.205933681237434,0.1
varity,P11177,PDHB,mito,13,0.7692307692307693,1.0,6.484566017785826,0.0
varity,P11310,ACADM,mito,141,0.9858156028368794,0.5071942446043165,0.7854185728901889,0.07092198581560284
varity,P11473,VDR,mito,20,0.9,1.0,15.136000014389216,0.0
varity,P11498,PC,mito,46,0.43478260869565216,0.9846153846153847,3.704989438590459,0.021739130434782608
varity,P11511,CYP19A1,control,19,0.631578947368421,0.9880952380952381,3.6909781206144077,0.0
varity,P12235,SLC25A4,mito,15,0.8,0.9722222222222223,4.094547474274891,0.0
varity,P12694,BCKDHA,mito,56,0.8571428571428571,0.9765625,2.61341192534246,0.03571428571428571
varity,P12814,ACTN1,control,22,0.8181818181818182,0.9027777777777778,1.959598869785559,0.13636363636363635
varity,P13473,LAMP2,control,26,0.2692307692307692,0.8796992481203008,1.7077613813011416,0.11538461538461539
varity,P13498,CYBA,control,16,0.75,1.0,5.386079094548831,0.1875
varity,P13804,ETFA,mito,11,0.7272727272727273,0.875,1.7300085991421599,0.0
varity,P15382,KCNE1,control,10,0.7,0.9523809523809524,2.3658450316004758,0.2
varity,P15538,CYP11B1,mito,65,0.8615384615384616,0.9900793650793651,4.355759254315608,0.046153846153846156
varity,P16157,ANK1,control,21,0.3333333333333333,0.9081632653061225,1.8430183755983578,0.09523809523809523
varity,P16219,ACADS,mito,36,0.8611111111111112,0.9290322580645162,2.110246774577853,0.1111111111111111
varity,P16615,ATP2A2,control,49,0.8367346938775511,1.0,4.500458351013351,0.10204081632653061
varity,P17302,GJA1,control,52,0.9807692307692307,1.0,4.270992024185813,0.1346153846153846
varity,P18507,GABRG2,control,51,0.8431372549019608,1.0,6.746863779148173,0.0392156862745098
varity,P19099,CYP11B2,mito,38,0.5,0.961218836565097,3.6724918431395563,0.02631578947368421
varity,P19438,TNFRSF1A,control,44,0.7045454545454546,0.9875930521091811,4.350845404584859,0.022727272727272728
varity,P19971,TYMP,mito,49,0.8979591836734694,1.0,4.958193436013834,0.04081632653061224
varity,P20062,TCN2,control,18,0.05555555555555555,1.0,3.4683496317778713,0.1111111111111111
varity,P20711,DDC,control,43,0.8372093023255814,0.9365079365079365,2.11463254244285,0.046511627906976744
varity,P20916,MAG,control,13,0.3076923076923077,0.8888888888888888,1.2929075238511414,0.07692307692307693
varity,P20933,AGA,control,29,0.6896551724137931,0.9666666666666667,2.513210957846258,0.06896551724137931
varity,P21397,MAOA,mito,11,0.36363636363636365,0.9642857142857143,2.7182309079380067,0.09090909090909091
varity,P21549,AGXT,mito,134,0.9104477611940298,0.9760928961748635,3.2861018888419586,0.05223880597014925
varity,P21583,KITLG,control,11,0.7272727272727273,0.9583333333333334,1.9997615639724524,0.09090909090909091
varity,P21757,MSR1,control,14,0.35714285714285715,1.0,2.34675946433595,0.14285714285714285
varity,P21912,SDHB,mito,82,0.926829268292683,1.0,7.050982249976002,0.036585365853658534
varity,P21953,BCKDHB,mito,70,0.9428571428571428,1.0,15.744033511897253,0.0
varity,P22001,KCNA3,control,21,0.7142857142857143,0.888888888888889,2.443352560414844,0.14285714285714285
varity,P22413,ENPP1,control,33,0.8484848484848485,0.9714285714285715,3.0550172436441274,0.12121212121212122
varity,P22557,ALAS2,mito,48,0.75,0.912037037037037,1.8549813587969137,0.0625
varity,P22830,FECH,mito,25,0.6,0.9866666666666667,3.8832656801993735,0.08
varity,P23378,GLDC,mito,167,0.8982035928143712,0.9639215686274509,2.5021875527319026,0.029940119760479042
varity,P23526,AHCY,control,14,0.7142857142857143,0.95,2.104872673010703,0.07142857142857142
varity,P23786,CPT2,mito,40,0.75,0.9,1.8661992002846464,0.1
varity,P24468,NR2F2,control,12,0.8333333333333334,1.0,3.637175406960267,0.16666666666666666
varity,P24752,ACAT1,mito,57,0.9473684210526315,1.0,9.439619178389016,0.017543859649122806
varity,P25189,MPZ,control,91,0.989010989010989,1.0,6.129221254047362,0.08791208791208792
varity,P25445,FAS,mito,43,0.8604651162790697,0.8873873873873875,1.9743390598859865,0.06976744186046512
varity,P25705,ATP5F1A,mito,12,0.4166666666666667,0.9142857142857144,2.701442018434763,0.08333333333333333
varity,P28715,ERCC5,control,22,0.45454545454545453,1.0,8.225781731210999,0.0
varity,P30084,ECHS1,mito,47,0.8936170212765957,0.9714285714285715,3.011834808235089,0.1702127659574468
varity,P30279,CCND2,control,12,0.6666666666666666,1.0,7.418355277015566,0.08333333333333333
varity,P30301,MIP,mito,10,0.6,1.0,3.9845790760937296,0.1
varity,P30793,GCH1,control,36,0.9722222222222222,1.0,31.33746800112167,0.0
varity,P31040,SDHA,mito,46,0.5,0.9792060491493384,3.4556164216048666,0.06521739130434782
varity,P31321,PRKAR1B,control,10,0.5,0.8,1.4112295572396463,0.1
varity,P31327,CPS1,mito,106,0.6132075471698113,0.9564727954971859,2.341144977098383,0.05660377358490566
varity,P32322,PYCR1,mito,18,0.7777777777777778,0.9821428571428572,3.499256874554494,0.05555555555555555
varity,P33527,ABCC1,control,22,0.045454545454545456,0.8095238095238095,0.984288755736637,0.09090909090909091
varity,P33897,ABCD1,mito,288,0.7604166666666666,0.9759777645423864,3.4714760988155398,0.0625
varity,P34059,GALNS,control,119,0.9159663865546218,0.9174311926605504,2.205257610993202,0.08403361344537816
varity,P35218,CA5A,mito,11,0.18181818181818182,1.0,4.90238040721971,0.0
varity,P35523,CLCN1,control,131,0.8931297709923665,0.9505494505494505,2.9652124539639186,0.03816793893129771
varity,P35680,HNF1B,control,85,0.9411764705882353,0.88,1.7532037391189619,0.2
varity,P35712,SOX6,control,25,0.36,0.8472222222222222,1.7983577711932293,0.08
varity,P35914,HMGCL,mito,20,0.85,1.0,16.449700928705475,0.0
varity,P36551,CPOX,mito,19,0.47368421052631576,0.9666666666666668,2.6209251456531737,0.10526315789473684
varity,P36776,LONP1,mito,106,0.08490566037735849,0.9003436426116839,2.063300664678023,0.18867924528301888
varity,P38117,ETFB,mito,10,0.6,1.0,5.3321626706577,0.1
varity,P38571,LIPA,control,52,0.7884615384615384,0.9866962305986696,4.3235888233011766,0.0
varity,P38606,ATP6V1A,control,26,0.9230769230769231,0.9583333333333333,1.822853431830937,0.038461538461538464
varity,P39210,MPV17,mito,15,0.9333333333333333,0.8571428571428571,2.219838937320125,0.13333333333333333
varity,P40337,VHL,control,203,0.8275862068965517,0.945578231292517,1.8061072412184478,0.029556650246305417
varity,P40926,MDH2,mito,10,0.4,1.0,2.4801596177130127,0.0
varity,P40939,HADHA,mito,30,0.7333333333333333,0.9431818181818182,2.586087095777983,0.1
varity,P41250,GARS1,mito,44,0.6136363636363636,0.9694989106753812,2.672861851599721,0.06818181818181818
varity,P42262,GRIA2,control,36,0.7777777777777778,0.96875,2.208052345855616,0.05555555555555555
varity,P42704,LRPPRC,mito,39,0.23076923076923078,0.9592592592592593,2.3268601337762145,0.10256410256410256
varity,P42771,CDKN2A,control,51,0.7254901960784313,0.9922779922779923,4.112376996662512,0.17647058823529413
varity,P43003,SLC1A3,control,11,0.18181818181818182,0.8888888888888888,2.147934998862376,0.0
varity,P43235,CTSK,control,28,0.8928571428571429,0.96,3.0671059674458347,0.10714285714285714
varity,P43897,TSFM,mito,12,0.5,0.8611111111111112,2.3043404735013953,0.08333333333333333
varity,P45379,TNNT2,control,51,0.9411764705882353,0.9097222222222223,1.887371370391588,0.23529411764705882
varity,P45954,ACADSB,mito,13,0.6923076923076923,1.0,8.665705348238742,0.07692307692307693
varity,P48728,AMT,mito,40,0.875,0.9714285714285715,2.226436991145136,0.0
varity,P48735,IDH2,mito,11,0.5454545454545454,0.9,1.9603582028875008,0.18181818181818182
varity,P49419,ALDH7A1,mito,72,0.9027777777777778,0.9142857142857143,1.6762927647456245,0.027777777777777776
varity,P49588,AARS1,control,39,0.41025641025641024,0.8913043478260869,1.9270032770422258,0.07692307692307693
varity,P49590,HARS2,mito,16,0.6875,0.9090909090909092,1.9234529043257116,0.0
varity,P49748,ACADVL,mito,157,0.9617834394904459,1.0,7.39652019345829,0.044585987261146494
varity,P49773,HINT1,mito,12,0.9166666666666666,1.0,28.647956314793312,0.0
varity,P49821,NDUFV1,mito,26,0.8076923076923077,0.9714285714285714,3.371514928924521,0.0
varity,P49916,LIG3,mito,16,0.25,0.9791666666666666,3.323041823562014,0.0625
varity,P50281,MMP14,control,12,0.16666666666666666,0.55,-0.09444652085848533,0.25
varity,P50402,EMD,control,17,0.35294117647058826,0.8484848484848484,1.55376052798555,0.058823529411764705
varity,P50416,CPT1A,mito,40,0.625,1.0,5.5868755655369,0.05
varity,P50440,GATM,mito,15,0.6,1.0,3.8187693014318627,0.13333333333333333
varity,P51159,RAB27A,control,20,0.9,0.9722222222222222,2.9591788667844012,0.1
varity,P51168,SCNN1B,control,26,0.5,0.9112426035502958,2.403081777789003,0.07692307692307693
varity,P51530,DNA2,mito,19,0.21052631578947367,0.8666666666666667,2.076842181612043,0.10526315789473684
varity,P51648,ALDH3A2,mito,43,0.813953488372093,0.9821428571428571,3.717185260350682,0.023255813953488372
varity,P51649,ALDH5A1,mito,66,0.8333333333333334,0.9900826446280991,3.123090511982434,0.0
varity,P51659,HSD17B4,mito,57,0.7368421052631579,0.9682539682539683,2.715426003376206,0.05263157894736842
varity,P51687,SUOX,mito,23,0.6086956521739131,0.9365079365079366,1.747480168068129,0.0
varity,P51790,CLCN3,control,18,0.8333333333333334,0.888888888888889,1.885178695099149,0.05555555555555555
varity,P51801,CLCNKB,control,48,0.4791666666666667,0.9843478260869566,3.7101788011170416,0.0625
varity,P51812,RPS6KA3,control,52,0.7884615384615384,0.9977827050997783,5.81927404878397,0.07692307692307693
varity,P52429,DGKE,control,14,0.7857142857142857,1.0,20.205337404927974,0.0
varity,P52848,NDST1,control,10,0.4,0.9583333333333334,2.4844612585383583,0.0
varity,P52952,NKX2-5,control,39,0.717948717948718,0.987012987012987,3.5676835657221155,0.02564102564102564
varity,P53597,SUCLG1,mito,12,0.75,1.0,4.622896059770817,0.08333333333333333
varity,P53674,CRYBB1,control,13,0.5384615384615384,1.0,6.198661845658594,0.0
varity,P53701,HCCS,mito,19,0.21052631578947367,1.0,2.94128567979572,0.10526315789473684
varity,P54098,POLG,mito,135,0.8666666666666667,0.982905982905983,4.351286034078481,0.02962962962962963
varity,P54819,AK2,mito,15,0.5333333333333333,0.9464285714285715,2.271861565358216,0.2
varity,P54840,GYS2,control,26,0.3076923076923077,0.9722222222222222,4.007205465677904,0.07692307692307693
varity,P54868,HMGCS2,mito,21,0.9523809523809523,1.0,5.305231842355277,0.047619047619047616
varity,P54886,ALDH18A1,mito,33,0.7575757575757576,0.83,1.3832737772354908,0.21212121212121213
varity,P55084,HADHB,mito,26,0.9230769230769231,0.9791666666666667,4.099222722445411,0.0
varity,P55201,BRPF1,control,27,0.25925925925925924,0.9642857142857142,2.879835756071699,0.07407407407407407
varity,P55809,OXCT1,mito,12,0.6666666666666666,1.0,4.700805426773962,0.08333333333333333
varity,P56696,KCNQ4,control,43,0.7209302325581395,0.989247311827957,4.2430386703660625,0.023255813953488372
varity,P58012,FOXL2,control,39,0.9230769230769231,0.9259259259259259,2.734152512028352,0.05128205128205128
varity,P60484,PTEN,control,253,0.9723320158102767,0.997096399535424,5.668045366435922,0.03557312252964427
varity,P61626,LYZ,control,13,0.23076923076923078,1.0,3.6987141567069854,0.07692307692307693
varity,P61981,YWHAG,control,16,0.8125,1.0,4.733829464836754,0.125
varity,P62070,RRAS2,control,10,0.8,1.0,5.8678043386655725,0.1
varity,P62879,GNB2,control,15,0.8,1.0,4.664627100822035,0.06666666666666667
varity,P63267,ACTG2,control,39,0.9743589743589743,0.42105263157894735,-0.6989586792634994,0.0
varity,P67775,PPP2CA,control,23,0.7391304347826086,0.8529411764705882,1.3813159945664082,0.08695652173913043
varity,P78562,PHEX,control,171,0.8245614035087719,0.96548463356974,2.3560170009316113,0.05263157894736842
varity,P80365,HSD11B2,control,17,0.5882352941176471,1.0,2.818401359707042,0.11764705882352941
varity,P80404,ABAT,mito,13,0.7692307692307693,0.9666666666666668,3.0795676629395157,0.07692307692307693
varity,P82930,MRPS34,mito,10,0.2,1.0,4.6244016648720665,0.0
varity,Q00577,PURA,control,86,0.686046511627907,0.9485247959824231,2.9456878684930845,0.08139534883720931
varity,Q01453,PMP22,mito,36,0.9166666666666666,0.98989898989899,4.197604172057193,0.08333333333333333
varity,Q01718,MC2R,control,25,0.76,0.9649122807017544,2.7822932805478033,0.0
varity,Q01959,SLC6A3,control,12,0.4166666666666667,1.0,6.172333599499063,0.08333333333333333
varity,Q02094,RHAG,control,12,0.75,1.0,4.186076167186663,0.16666666666666666
varity,Q02127,DHODH,mito,15,0.4666666666666667,0.9821428571428571,3.0954790038912683,0.13333333333333333
varity,Q02252,ALDH6A1,mito,10,0.6,0.875,1.1620879826180626,0.2
varity,Q02318,CYP27A1,mito,39,0.7692307692307693,0.9333333333333333,2.8562342023094707,0.07692307692307693
varity,Q02750,MAP2K1,control,49,0.9183673469387755,0.5888888888888889,1.0576011025192067,0.02040816326530612
varity,Q03112,MECOM,control,15,0.13333333333333333,1.0,4.97144937244673,0.06666666666666667
varity,Q04844,CHRNE,control,50,0.86,0.9202657807308969,2.3980505817138598,0.02
varity,Q06945,SOX4,control,19,0.6842105263157895,1.0,7.828510848133142,0.05263157894736842
varity,Q07021,C1QBP,mito,11,0.36363636363636365,1.0,6.61285099030289,0.09090909090909091
varity,Q07837,SLC3A1,control,45,0.9333333333333333,0.9603174603174602,3.6647748048120325,0.022222222222222223
varity,Q07973,CYP24A1,mito,23,0.5217391304347826,0.9924242424242424,2.9874039750690673,0.08695652173913043
varity,Q08209,PPP3CA,control,26,0.8076923076923077,0.8857142857142858,1.7380396321227423,0.07692307692307693
varity,Q08J23,NSUN2,mito,15,0.3333333333333333,0.9,2.231684900719533,0.0
varity,Q10713,PMPCA,mito,12,0.5833333333333334,0.9714285714285715,2.7580681362823873,0.0
varity,Q12887,COX10,mito,14,0.5,0.979591836734694,3.9500726019100525,0.0
varity,Q12946,FOXF1,control,36,0.6944444444444444,0.9927272727272727,5.3034008794867304,0.027777777777777776
varity,Q12980,NPRL3,control,12,0.08333333333333333,0.9090909090909091,2.4090831278717095,0.16666666666666666
varity,Q13153,PAK1,control,30,0.8333333333333334,0.856,2.0382515556544067,0.06666666666666667
varity,Q13207,TBX2,control,13,0.3076923076923077,0.6944444444444444,1.0773445701929347,0.15384615384615385
varity,Q13253,NOG,control,30,0.8333333333333334,0.9440000000000001,2.681258471905091,0.0
varity,Q13286,CLN3,control,27,0.8518518518518519,1.0,3.9867965319120264,0.037037037037037035
varity,Q13415,ORC1,mito,23,0.2608695652173913,0.9019607843137254,1.4414768011632049,0.043478260869565216
varity,Q13423,NNT,mito,23,0.391304347826087,1.0,5.356507093692362,0.043478260869565216
varity,Q13426,XRCC4,control,11,0.2727272727272727,0.625,0.7162688903420549,0.09090909090909091
varity,Q13461,FOXE3,control,23,0.4782608695652174,0.9696969696969696,3.617688484783734,0.08695652173913043
varity,Q13472,TOP3A,mito,14,0.21428571428571427,0.6666666666666666,0.6732895776172435,0.0
varity,Q13501,SQSTM1,control,13,0.38461538461538464,0.95,2.420146436841889,0.07692307692307693
varity,Q13509,TUBB3,control,65,0.8461538461538461,0.6654545454545454,0.6402099068752938,0.03076923076923077
varity,Q13627,DYRK1A,control,16,0.0625,0.19999999999999996,-0.9343266927555812,0.0625
varity,Q13825,AUH,mito,10,0.7,1.0,17.367375019099953,0.0
varity,Q13885,TUBB2A,control,44,0.7727272727272727,0.6911764705882353,0.8530237109490881,0.18181818181818182
varity,Q14203,DCTN1,control,43,0.20930232558139536,0.9705882352941175,2.7740056111300033,0.0
varity,Q14671,PUM1,control,13,0.23076923076923078,0.8333333333333333,1.4155175217047273,0.15384615384615385
varity,Q15031,LARS2,mito,31,0.7096774193548387,0.8686868686868687,1.6114021385648438,0.06451612903225806
varity,Q15046,KARS1,mito,25,0.68,0.9852941176470589,2.7429121049749696,0.04
varity,Q15147,PLCB4,control,17,0.5294117647058824,1.0,3.7450569717674576,0.058823529411764705
varity,Q15437,SEC23B,control,23,0.6521739130434783,0.8416666666666667,1.3551841664620188,0.08695652173913043
varity,Q15526,SURF1,mito,30,0.9333333333333333,0.9821428571428572,3.5029878732017066,0.0
varity,Q15751,HERC1,control,39,0.05128205128205128,1.0,6.900651088125131,0.02564102564102564
varity,Q16134,ETFDH,mito,103,0.9514563106796117,0.9938775510204082,4.446285159540134,0.23300970873786409
varity,Q16281,CNGA3,control,137,0.8905109489051095,0.9967213114754099,5.43931827321841,0.051094890510948905
varity,Q16595,FXN,mito,11,0.5454545454545454,1.0,10.972182530108622,0.0
varity,Q16795,NDUFA9,mito,17,0.35294117647058826,0.9848484848484849,3.397239431419031,0.11764705882352941
varity,Q16854,DGUOK,mito,19,0.8947368421052632,1.0,1.713812271583108,0.0
varity,Q330K2,NDUFAF6,mito,17,0.5882352941176471,1.0,3.435708216329788,0.0
varity,Q3MJ13,WDR72,control,19,0.21052631578947367,0.8166666666666667,1.6740473014815733,0.10526315789473684
varity,Q3SXY8,ARL13B,control,12,0.5,0.9722222222222223,3.227100298908684,0.0
varity,Q3T906,GNPTAB,control,52,0.7115384615384616,0.927927927927928,2.299855043298226,0.038461538461538464
varity,Q4G176,ACSF3,mito,23,0.34782608695652173,0.9833333333333334,5.116153143758921,0.0
varity,Q53R41,FASTKD1,mito,10,0.1,1.0,51.72434000395423,0.0
varity,Q5EBM0,CMPK2,mito,10,0.3,1.0,11.90178161169778,0.0
varity,Q5FBB7,SGO1,control,10,0.1,1.0,4.697109322267518,0.0
varity,Q5HYA8,TMEM67,control,76,0.9078947368421053,0.9979296066252589,2.6915201785283562,0.10526315789473684
varity,Q5JPH6,EARS2,mito,21,0.7142857142857143,0.9888888888888889,2.3678157644163162,0.0
varity,Q5JRX3,PITRM1,mito,45,0.044444444444444446,0.9302325581395349,2.788357264433723,0.06666666666666667
varity,Q5JSL3,DOCK11,control,15,0.6,0.8518518518518519,1.5999677315932197,0.06666666666666667
varity,Q5JTZ9,AARS2,mito,43,0.46511627906976744,0.9304347826086956,2.308125540325647,0.11627906976744186
varity,Q5T160,RARS2,mito,35,0.7142857142857143,0.976,3.024687302879358,0.02857142857142857
varity,Q5T280,SPOUT1,control,10,0.6,1.0,6.296131305110877,0.0
varity,Q5T440,IBA57,mito,17,0.5882352941176471,0.9857142857142858,4.267341340404359,0.11764705882352941
varity,Q5TEU4,NDUFAF5,mito,24,0.7916666666666666,1.0,4.70843184365069,0.16666666666666666
varity,Q5THJ4,VPS13D,mito,52,0.19230769230769232,0.9214285714285714,2.1969473653063702,0.19230769230769232
varity,Q68CP9,ARID2,control,81,0.024691358024691357,0.9936708860759494,4.208821888360052,0.08641975308641975
varity,Q68CZ1,RPGRIP1L,control,25,0.4,0.9,1.778834931460358,0.08
varity,Q6NUK1,SLC25A24,mito,12,0.25,0.7777777777777779,1.3274680338462204,0.08333333333333333
varity,Q6NVY1,HIBCH,mito,24,0.625,0.7407407407407408,1.3815217412347904,0.041666666666666664
varity,Q6P1J9,CDC73,control,10,0.7,1.0,21.902223061017136,0.0
varity,Q6P4I2,WDR73,control,11,0.45454545454545453,1.0,2.2520148793026418,0.0
varity,Q6PD62,CTR9,control,29,0.5172413793103449,0.9095238095238096,2.0982325929357613,0.10344827586206896
varity,Q6PI48,DARS2,mito,26,0.6923076923076923,0.9861111111111112,4.026393007079338,0.038461538461538464
varity,Q6Y288,B3GLCT,control,11,0.36363636363636365,1.0,5.230508535489884,0.09090909090909091
varity,Q6ZMI0,PPP1R21,control,10,0.2,1.0,3.5455619200782857,0.3
varity,Q6ZMP0,THSD4,control,19,0.05263157894736842,1.0,24.705212217405364,0.0
varity,Q6ZWH5,NEK10,control,12,0.3333333333333333,1.0,3.9489778893259424,0.25
varity,Q70HW3,SLC25A26,mito,12,0.3333333333333333,1.0,5.853713363189807,0.08333333333333333
varity,Q7L2E3,DHX30,mito,43,0.2558139534883721,0.9886363636363636,4.044296605423448,0.023255813953488372
varity,Q7L3T8,PARS2,mito,11,0.18181818181818182,1.0,3.6091537691235165,0.09090909090909091
varity,Q7L5A8,FA2H,control,31,0.7419354838709677,0.9510869565217391,2.9017853053669933,0.0967741935483871
varity,Q7L8L6,FASTKD5,mito,12,0.25,1.0,2.6575254373185726,0.08333333333333333
varity,Q7LBC6,KDM3B,control,58,0.25862068965517243,0.9116279069767442,2.366883048839472,0.06896551724137931
varity,Q7LGC8,CHST3,control,34,0.7058823529411765,1.0,7.326257551400504,0.0
varity,Q86WG5,SBF2,control,10,0.2,1.0,6.85831731598703,0.0
varity,Q86XE5,HOGA1,mito,58,0.9137931034482759,1.0,6.060361507445341,0.034482758620689655
varity,Q86YT5,SLC13A5,control,13,0.8461538461538461,1.0,20.414497421939235,0.0
varity,Q8IUX1,TMEM126B,mito,11,0.18181818181818182,1.0,1.6590338301413694,0.0
varity,Q8IV33,KIAA0825,control,13,0.23076923076923078,0.9666666666666667,1.6639011536800072,0.0
varity,Q8IVH4,MMAA,mito,22,0.9545454545454546,0.9523809523809523,4.91614825886832,0.0
varity,Q8IWZ6,BBS7,control,12,0.9166666666666666,1.0,3.379406558779057,0.08333333333333333
varity,Q8N130,SLC34A3,control,35,0.42857142857142855,0.9433333333333334,2.673789772129311,0.08571428571428572
varity,Q8N135,LGI4,control,15,0.4666666666666667,0.8928571428571428,2.1212366018341373,0.06666666666666667
varity,Q8N159,NAGS,mito,15,0.6666666666666666,0.9600000000000001,2.2996491134326007,0.2
varity,Q8N3C0,ASCC3,control,17,0.29411764705882354,1.0,9.993688590095934,0.0
varity,Q8N3I7,BBS5,control,12,0.9166666666666666,1.0,3.5666340072713583,0.25
varity,Q8N3U4,STAG2,control,24,0.4166666666666667,0.9214285714285715,2.268113712889328,0.3333333333333333
varity,Q8N442,GUF1,mito,14,0.07142857142857142,0.9230769230769231,1.5155715972949508,0.07142857142857142
varity,Q8N465,D2HGDH,mito,24,0.5,0.9930555555555555,4.113111322963548,0.0
varity,Q8N490,PNKD,mito,18,0.16666666666666666,0.7333333333333334,0.22380881069539996,0.05555555555555555
varity,Q8N5F7,NKAP,control,10,0.3,1.0,5.003064814734597,0.0
varity,Q8NFJ9,BBS1,control,22,0.8636363636363636,0.8421052631578948,1.7890763535145369,0.09090909090909091
varity,Q8NI60,COQ8A,mito,42,0.7380952380952381,1.0,5.618252952116601,0.047619047619047616
varity,Q8TAP6,CEP76,control,12,0.6666666666666666,0.875,1.5922149693645429,0.0
varity,Q8TCG5,CPT1C,mito,17,0.17647058823529413,0.9285714285714286,2.2952842307058137,0.17647058823529413
varity,Q8TCS8,PNPT1,mito,23,0.6086956521739131,0.9761904761904762,3.6468599635016554,0.08695652173913043
varity,Q8TD30,GPT2,mito,10,0.4,1.0,3.187166688954972,0.1
varity,Q8TF50,ZNF526,control,12,0.16666666666666666,0.7999999999999999,0.7471183155754034,0.0
varity,Q8WWV3,RTN4IP1,mito,14,0.5,0.7346938775510204,0.8888499810023247,0.14285714285714285
varity,Q8WWZ3,EDARADD,control,13,0.8461538461538461,0.7272727272727273,0.7660502303039022,0.07692307692307693
varity,Q8WXG6,MADD,mito,13,0.3076923076923077,0.8888888888888888,2.0151585804062475,0.07692307692307693
varity,Q8WYB5,KAT6B,control,178,0.05056179775280899,0.6528599605522682,0.7905905492248481,0.10674157303370786
varity,Q8WYQ3,CHCHD10,mito,15,0.26666666666666666,0.8863636363636362,1.8797613641707938,0.0
varity,Q8WZ55,BSND,control,13,0.6923076923076923,1.0,3.555882989298565,0.0
varity,Q92558,WASF1,control,14,0.21428571428571427,0.6666666666666666,0.7639570215269914,0.14285714285714285
varity,Q92838,EDA,control,150,0.8533333333333334,0.8828125,1.6915189730433946,0.08
varity,Q92947,GCDH,mito,184,0.9728260869565217,0.8603351955307262,1.869402594708215,0.03804347826086957
varity,Q969G2,LHX4,control,12,0.3333333333333333,0.78125,0.8164079782876533,0.0
varity,Q969G3,SMARCE1,control,26,0.5769230769230769,1.0,6.159791137801721,0.038461538461538464
varity,Q969H0,FBXW7,control,19,0.6842105263157895,1.0,10.93894872244464,0.0
varity,Q969S9,GFM2,mito,25,0.08,0.9565217391304348,4.036501020770883,0.08
varity,Q969Y2,GTPBP3,mito,22,0.5909090909090909,1.0,10.801565519325171,0.0
varity,Q969Z4,RELT,control,14,0.2857142857142857,0.9,1.3269646346475044,0.0
varity,Q96AG3,SLC25A46,mito,16,0.625,1.0,4.3718682804610385,0.125
varity,Q96AY3,FKBP10,mito,12,0.75,0.888888888888889,1.950314096957822,0.16666666666666666
varity,Q96C36,PYCR2,mito,14,0.7857142857142857,1.0,7.923102587756775,0.0
varity,Q96CU9,FOXRED1,mito,11,0.6363636363636364,0.8571428571428572,1.6122505005070278,0.18181818181818182
varity,Q96D53,COQ8B,mito,21,0.5714285714285714,1.0,8.577308242042157,0.0
varity,Q96DP5,MTFMT,mito,19,0.3157894736842105,0.8717948717948718,1.546492640098821,0.21052631578947367
varity,Q96DW6,SLC25A38,mito,19,0.8421052631578947,1.0,4.255032013473304,0.0
varity,Q96EG1,ARSG,control,19,0.3157894736842105,1.0,14.447707335477654,0.0
varity,Q96EY8,MMAB,mito,31,0.8387096774193549,0.8846153846153846,1.731115986242179,0.0
varity,Q96GM8,TOE1,control,21,0.5238095238095238,0.9454545454545453,2.3427912250807337,0.09523809523809523
varity,Q96HD1,CRELD1,control,10,0.3,0.8095238095238095,1.0019038064273347,0.1
varity,Q96HY7,DHTKD1,mito,17,0.11764705882352941,0.8333333333333334,1.3690994057272003,0.29411764705882354
varity,Q96I59,NARS2,mito,17,0.5294117647058824,0.9861111111111112,2.8920761992079065,0.11764705882352941
varity,Q96IR7,HPDL,mito,29,0.7931034482758621,1.0,3.9841517408757237,0.06896551724137931
varity,Q96IV0,NGLY1,control,20,0.5,1.0,9.535136332450806,0.0
varity,Q96JX3,SERAC1,mito,20,0.35,1.0,5.9720990478273865,0.1
varity,Q96MS0,ROBO3,control,39,0.4358974358974359,0.9946524064171124,4.558952701919113,0.05128205128205128
varity,Q96PY6,NEK1,control,12,0.3333333333333333,0.96875,2.7303718856427794,0.0
varity,Q96Q11,TRNT1,mito,12,0.5833333333333334,1.0,5.901389511364596,0.08333333333333333
varity,Q96QS3,ARX,control,53,0.49056603773584906,0.982905982905983,3.8706594986547023,0.03773584905660377
varity,Q96RD7,PANX1,control,12,0.16666666666666666,1.0,7.785344797628035,0.08333333333333333
varity,Q96RK4,BBS4,control,17,0.5294117647058824,0.9166666666666667,2.019701372984893,0.11764705882352941
varity,Q96RP9,GFM1,mito,27,0.5185185185185185,0.9560439560439561,3.152878646812959,0.1111111111111111
varity,Q96RQ3,MCCC1,mito,41,0.6341463414634146,0.9666666666666667,3.5787985787630987,0.04878048780487805
varity,Q96RR1,TWNK,mito,52,0.9423076923076923,0.9931972789115646,3.1876479517885667,0.2692307692307692
varity,Q96S06,LMF1,control,36,0.05555555555555555,0.926470588235294,2.134801836186401,0.1111111111111111
varity,Q99497,PARK7,mito,11,0.7272727272727273,0.7916666666666666,0.8336056397240887,0.09090909090909091
varity,Q99519,NEU1,control,44,0.6590909090909091,0.9448275862068967,2.053633895122855,0.1590909090909091
varity,Q99643,SDHC,mito,20,0.9,1.0,5.9889091767225064,0.0
varity,Q99707,MTR,control,25,0.32,0.9926470588235294,5.199193715713731,0.0
varity,Q99714,HSD17B10,mito,21,0.7619047619047619,0.9625,1.8507935078307558,0.0
varity,Q99758,ABCA3,control,62,0.6290322580645161,0.9732441471571907,3.3007649628164266,0.08064516129032258
varity,Q99797,MIPEP,mito,20,0.15,1.0,4.965186619735716,0.0
varity,Q99798,ACO2,mito,18,0.8888888888888888,0.75,1.0895327340723293,0.1111111111111111
varity,Q99807,COQ7,mito,14,0.5,0.9591836734693877,3.139279103365706,0.0
varity,Q9BQ52,ELAC2,mito,21,0.42857142857142855,1.0,3.4385194118641578,0.09523809523809523
varity,Q9BQT8,SLC25A21,mito,12,0.08333333333333333,1.0,2.441810247698135,0.08333333333333333
varity,Q9BSI4,TINF2,control,20,0.65,1.0,2.1550065537501073,0.15
varity,Q9BUB7,TMEM70,mito,12,0.25,1.0,2.941381120953534,0.0
varity,Q9BUM1,G6PC3,control,19,0.6842105263157895,1.0,9.717476712145661,0.05263157894736842
varity,Q9BV79,MECR,mito,11,0.45454545454545453,0.9666666666666667,3.410188358131589,0.0
varity,Q9BVA0,KATNB1,control,26,0.15384615384615385,0.9772727272727273,3.637650834290007,0.11538461538461539
varity,Q9BW92,TARS2,mito,20,0.6,1.0,3.142061077623113,0.05
varity,Q9BX63,BRIP1,mito,62,0.14516129032258066,0.9287211740041929,2.4258158610537324,0.0
varity,Q9BXJ7,AMN,mito,10,0.4,0.9166666666666667,2.4142708212578152,0.0
varity,Q9BXM0,PRX,mito,26,0.038461538461538464,0.19999999999999996,-0.7410609047532934,0.07692307692307693
varity,Q9BXM7,PINK1,mito,20,0.45,0.9797979797979798,3.151598993371539,0.0
varity,Q9BY79,MFRP,control,10,0.5,1.0,2.592519044902262,0.2
varity,Q9BYJ1,ALOXE3,control,25,0.6,0.9533333333333334,3.228179990507711,0.08
varity,Q9BYV9,BACH2,control,18,0.05555555555555555,1.0,6.252743807343723,0.05555555555555555
varity,Q9GZS0,DNAI2,control,20,0.2,0.984375,4.028808139294161,0.05
varity,Q9H0R6,QRSL1,mito,11,0.18181818181818182,0.9444444444444444,2.318314040697557,0.09090909090909091
varity,Q9H237,PORCN,control,31,0.4838709677419355,0.9624999999999999,3.0441395146636507,0.06451612903225806
varity,Q9H2U2,PPA2,mito,23,0.6086956521739131,0.992063492063492,4.674933748305489,0.043478260869565216
varity,Q9H3H1,TRIT1,mito,11,0.2727272727272727,1.0,3.365774619971834,0.0
varity,Q9H845,ACAD9,mito,43,0.7209302325581395,0.9112903225806452,1.9995947645592786,0.13953488372093023
varity,Q9H9P8,L2HGDH,mito,21,0.7142857142857143,1.0,5.456255318472363,0.09523809523809523
varity,Q9HA77,CARS2,mito,11,0.09090909090909091,0.4,-0.824276513710949,0.0
varity,Q9HAN9,NMNAT1,control,40,0.975,1.0,4.4308257283469485,0.125
varity,Q9HC21,SLC25A19,mito,17,0.7647058823529411,1.0,4.381795814331098,0.11764705882352941
varity,Q9HCC0,MCCC2,mito,56,0.9642857142857143,0.9907407407407407,5.614994957649443,0.03571428571428571
varity,Q9NP58,ABCB6,mito,21,0.38095238095238093,0.8173076923076923,1.418089777990171,0.14285714285714285
varity,Q9NPJ1,MKKS,control,25,0.68,0.9926470588235294,3.4998466950029314,0.2
varity,Q9NQ66,PLCB1,control,10,0.2,0.875,2.0208926123062816,0.1
varity,Q9NQZ6,ZC4H2,control,29,0.8620689655172413,1.0,5.225601962389925,0.06896551724137931
varity,Q9NSE4,IARS2,mito,21,0.2857142857142857,0.9000000000000001,1.7797269951127461,0.14285714285714285
varity,Q9NUD9,PIGV,control,12,0.6666666666666666,0.78125,1.587380839939744,0.0
varity,Q9NVS9,PNPO,mito,15,0.9333333333333333,1.0,5.216631860075646,0.0
varity,Q9NVV4,MTPAP,mito,10,0.2,1.0,6.776734264569614,0.0
varity,Q9NWS8,RMND1,mito,19,0.5789473684210527,0.9204545454545454,2.088696922051692,0.05263157894736842
varity,Q9NWW5,CLN6,control,27,0.8518518518518519,0.967391304347826,2.8802162020256086,0.14814814814814814
varity,Q9NYY8,FASTKD2,mito,21,0.14285714285714285,1.0,16.44488885121762,0.0
varity,Q9NZB8,MOCS1,mito,13,0.3076923076923077,1.0,19.717141075735046,0.0
varity,Q9P0W8,SPATA7,control,15,0.2,1.0,1.8806229115887851,0.0
varity,Q9P2R7,SUCLA2,mito,18,0.5,0.9753086419753086,3.0941244559239767,0.05555555555555555
varity,Q9UBC3,DNMT3B,control,28,0.6785714285714286,1.0,7.6975610944452395,0.07142857142857142
varity,Q9UBQ7,GRHPR,mito,29,0.7931034482758621,0.9202898550724639,1.9013524485096867,0.10344827586206896
varity,Q9UBT6,POLK,control,19,0.7894736842105263,0.7333333333333333,1.188113710704217,0.05263157894736842
varity,Q9UBY8,CLN8,control,29,0.8620689655172413,0.83,1.26066929387991,0.27586206896551724
varity,Q9UDR5,AASS,mito,16,0.3125,0.8,1.8671467131267068,0.0625
varity,Q9UGL1,KDM5B,control,19,0.42105263157894735,0.875,2.061806303239632,0.05263157894736842
varity,Q9UGM6,WARS2,mito,17,0.5294117647058824,0.9583333333333333,2.836506912753973,0.11764705882352941
varity,Q9UHD2,TBK1,control,20,0.3,0.9285714285714286,2.1886580971437275,0.1
varity,Q9UHK6,AMACR,mito,10,0.2,1.0,5.158502035972386,0.2
varity,Q9UHN1,POLG2,mito,11,0.18181818181818182,1.0,3.04601653028382,0.09090909090909091
varity,Q9UI17,DMGDH,mito,11,0.09090909090909091,0.8,1.9403243323997228,0.18181818181818182
varity,Q9UJS0,SLC25A13,mito,21,0.8095238095238095,0.9558823529411764,2.2601071639545616,0.0
varity,Q9UK17,KCND3,control,36,0.7222222222222222,0.95,2.59817712065809,0.1388888888888889
varity,Q9UKA2,FBXL4,mito,27,0.9259259259259259,1.0,2.758821858642863,0.1111111111111111
varity,Q9UKU7,ACAD8,mito,21,0.6666666666666666,0.9081632653061225,2.195251482575073,0.09523809523809523
varity,Q9UL18,AGO1,control,14,0.9285714285714286,1.0,8.30884873663348,0.07142857142857142
varity,Q9ULD0,OGDHL,mito,12,0.25,0.8888888888888888,2.9616800914679926,0.08333333333333333
varity,Q9UM01,SLC7A7,control,20,0.8,0.921875,2.2430187593886677,0.15
varity,Q9UM47,NOTCH3,control,340,0.75,0.9604613610149942,3.0368849965263096,0.041176470588235294
varity,Q9UMS0,NFU1,mito,13,0.7692307692307693,1.0,6.316865746008925,0.15384615384615385
varity,Q9UNE0,EDAR,control,44,0.8636363636363636,0.7807017543859649,1.0204715734395702,0.3181818181818182
varity,Q9UPW5,AGTPBP1,control,11,0.45454545454545453,1.0,7.497794333176967,0.0
varity,Q9UQ90,SPG7,mito,40,0.85,0.9558823529411764,3.6898736555193885,0.05
varity,Q9UQD0,SCN8A,control,303,0.8778877887788779,0.893111156269051,2.0798746631352034,0.0462046204620462
varity,Q9Y219,JAG2,control,21,0.09523809523809523,1.0,10.212185826612565,0.047619047619047616
varity,Q9Y276,BCS1L,mito,42,0.8809523809523809,0.9675675675675676,3.1244686176593524,0.16666666666666666
varity,Q9Y2I7,PIKFYVE,control,33,0.030303030303030304,0.6875,0.060605982575802124,0.030303030303030304
varity,Q9Y2Z2,MTO1,mito,10,0.4,1.0,9.344338492729092,0.0
varity,Q9Y2Z4,YARS2,mito,15,0.8,0.9444444444444444,2.5537831329327285,0.06666666666666667
varity,Q9Y2Z9,COQ6,mito,13,0.38461538461538464,0.9,1.8275103669507027,0.07692307692307693
varity,Q9Y375,NDUFAF1,mito,12,0.25,0.8888888888888888,2.411251591274189,0.08333333333333333
varity,Q9Y399,MRPS2,mito,12,0.16666666666666666,0.9500000000000001,4.16575723327195,0.0
varity,Q9Y3A0,COQ4,mito,21,0.6666666666666666,0.9693877551020409,3.0145101509159353,0.09523809523809523
varity,Q9Y3Z3,SAMHD1,control,15,0.7333333333333333,0.9772727272727273,4.157368065644115,0.06666666666666667
varity,Q9Y4W6,AFG3L2,mito,40,0.975,1.0,11.98809905359936,0.0
varity,Q9Y5Q3,MAFB,control,27,0.6666666666666666,0.9567901234567902,2.270781911162396,0.25925925925925924
varity,Q9Y606,PUS1,mito,12,0.4166666666666667,1.0,7.164474718940938,0.0
varity,Q9Y619,SLC25A15,mito,20,0.8,1.0,13.288474539693075,0.0
varity,Q9Y6B7,AP4B1,control,14,0.21428571428571427,1.0,8.118403117608231,0.0
gmvp,A3KMH1,VWA8,mito,11,0.09090909090909091,0.6,0.1342365323616089,0.2727272727272727
gmvp,O00142,TK2,mito,44,0.9318181818181818,0.7723577235772359,1.0985387064287977,0.11363636363636363
gmvp,O00170,AIP,mito,10,0.5,1.0,4.322421645186107,0.1
gmvp,O00330,PDHX,mito,12,0.16666666666666666,1.0,2.7404618237437743,0.3333333333333333
gmvp,O00411,POLRMT,mito,45,0.15555555555555556,0.9661654135338346,2.100208914848054,0.022222222222222223
gmvp,O00462,MANBA,control,15,0.2,1.0,7.562469818365978,0.06666666666666667
gmvp,O14521,SDHD,mito,31,0.8709677419354839,0.8981481481481481,2.1668701662891463,0.12903225806451613
gmvp,O14526,FCHO1,control,14,0.14285714285714285,1.0,16.416795848196028,0.0
gmvp,O14802,POLR3A,control,29,0.7586206896551724,0.8571428571428572,1.6606407758132253,0.1724137931034483
gmvp,O14832,PHYH,mito,11,0.7272727272727273,1.0,4.181971115553643,0.09090909090909091
gmvp,O14905,WNT9B,control,11,0.09090909090909091,0.9,2.3372078816857407,0.36363636363636365
gmvp,O15160,POLR1C,control,20,0.85,0.9803921568627452,3.0845797596085096,0.35
gmvp,O15270,SPTLC2,mito,24,0.4166666666666667,0.8285714285714286,1.2293367823476136,0.25
gmvp,O15382,BCAT2,mito,11,0.2727272727272727,1.0,4.111190327309034,0.18181818181818182
gmvp,O15457,MSH4,control,10,0.5,0.88,1.940978141224125,0.1
gmvp,O15528,CYP27B1,mito,38,0.8947368421052632,0.9632352941176471,2.937722209886499,0.15789473684210525
gmvp,O15553,MEFV,control,18,0.5555555555555556,0.7875,0.8280013511651322,0.05555555555555555
gmvp,O43175,PHGDH,control,15,0.8,0.7222222222222223,0.8584361191816631,0.06666666666666667
gmvp,O43186,CRX,control,27,0.6296296296296297,0.9294117647058824,2.5645096659445676,0.18518518518518517
gmvp,O43272,PRODH,mito,21,0.14285714285714285,0.7407407407407407,0.9260051088663775,0.09523809523809523
gmvp,O43295,SRGAP3,control,10,0.1,0.8888888888888888,0.7182876296800694,0.1
gmvp,O43424,GRID2,control,11,0.45454545454545453,1.0,4.295865104872614,0.09090909090909091
gmvp,O43772,SLC25A20,mito,11,0.8181818181818182,0.9444444444444444,2.4077947891468425,0.09090909090909091
gmvp,O43791,SPOP,control,12,0.8333333333333334,0.95,2.1792070459587345,0.08333333333333333
gmvp,O60260,PRKN,mito,33,0.5757575757575758,0.8721804511278195,1.6605230623722929,0.24242424242424243
gmvp,O60313,OPA1,mito,15,0.2,0.5277777777777777,0.5580397765298533,0.06666666666666667
gmvp,O60890,OPHN1,control,29,0.3448275862068966,0.8789473684210527,1.850183661737164,0.10344827586206896
gmvp,O75360,PROP1,control,47,0.8723404255319149,0.6991869918699187,1.019546321344447,0.1702127659574468
gmvp,O75398,DEAF1,control,64,0.75,1.0,4.6440061775964505,0.078125
gmvp,O75439,PMPCB,mito,14,0.2857142857142857,0.9750000000000001,3.5846688420817525,0.07142857142857142
gmvp,O75530,EED,control,13,0.7692307692307693,1.0,3.3475531939766707,0.15384615384615385
gmvp,O75648,TRMU,mito,36,0.6111111111111112,0.948051948051948,2.3181458286740573,0.1111111111111111
gmvp,O75695,RP2,mito,44,0.4090909090909091,0.9636752136752137,2.7245892948876986,0.1590909090909091
gmvp,O75879,GATB,mito,20,0.1,0.9444444444444444,2.1510098505899804,0.1
gmvp,O75907,DGAT1,control,12,0.5,1.0,4.237367961198545,0.16666666666666666
gmvp,O75916,RGS9,control,12,0.08333333333333333,1.0,11.965768988184772,0.0
gmvp,O94761,RECQL4,mito,66,0.10606060606060606,0.7046004842615012,0.7673959204760514,0.015151515151515152
gmvp,O94925,GLS,mito,15,0.5333333333333333,0.9821428571428572,2.748760006242884,0.0
gmvp,O95140,MFN2,mito,127,0.9606299212598425,0.9852459016393442,4.0195566174218555,0.05511811023622047
gmvp,O95202,LETM1,mito,26,0.19230769230769232,1.0,6.165588262869102,0.038461538461538464
gmvp,O95299,NDUFA10,mito,13,0.46153846153846156,0.8809523809523809,1.7422278819770651,0.23076923076923078
gmvp,O95352,ATG7,control,12,0.3333333333333333,0.78125,1.6934235337836039,0.0
gmvp,O95363,FARS2,mito,37,0.7027027027027027,0.951048951048951,2.5504049629245156,0.2972972972972973
gmvp,O95571,ETHE1,mito,23,0.8695652173913043,0.8833333333333334,1.9928583917819962,0.17391304347826086
gmvp,O95630,STAMBP,control,10,0.7,1.0,2.8266528398216693,0.1
gmvp,O95822,MLYCD,mito,17,0.23529411764705882,0.923076923076923,1.7282096349222542,0.058823529411764705
gmvp,O95831,AIFM1,mito,66,0.6515151515151515,0.8422649140546006,1.6473406806133424,0.06060606060606061
gmvp,O95970,LGI1,control,19,0.8421052631578947,1.0,3.4870564402892725,0.21052631578947367
gmvp,O95996,APC2,mito,40,0.05,0.9342105263157895,2.4442584493785087,0.0
gmvp,P00367,GLUD1,mito,23,0.6086956521739131,0.7222222222222222,0.8410814289151585,0.08695652173913043
gmvp,P00390,GSR,mito,11,0.18181818181818182,1.0,4.067071901610232,0.18181818181818182
gmvp,P00480,OTC,mito,276,0.9637681159420289,0.8293233082706767,1.2844390587109904,0.018115942028985508
gmvp,P00505,GOT2,mito,12,0.25,1.0,4.341876374820607,0.3333333333333333
gmvp,P00748,F12,control,18,0.2777777777777778,0.8769230769230769,1.6262319313699376,0.2222222222222222
gmvp,P00813,ADA,control,56,0.8571428571428571,0.9244791666666666,2.2831232093276443,0.08928571428571429
gmvp,P01116,KRAS,control,67,0.9850746268656716,0.9696969696969697,4.039420427707515,0.07462686567164178
gmvp,P01127,PDGFB,control,18,0.4444444444444444,0.875,1.2920323815987187,0.2222222222222222
gmvp,P01213,PDYN,control,10,0.2,1.0,3.360966364504609,0.0
gmvp,P02533,KRT14,control,57,0.8070175438596491,0.8675889328063241,1.2985672113294509,0.07017543859649122
gmvp,P02647,APOA1,control,19,0.8421052631578947,0.9791666666666667,2.219053280142382,0.05263157894736842
gmvp,P02671,FGA,control,20,0.6,0.8229166666666666,1.061680958346144,0.0
gmvp,P02675,FGB,control,14,0.5714285714285714,0.9375,2.1373481010331257,0.2857142857142857
gmvp,P02768,ALB,control,14,0.5,0.7142857142857143,1.2254984847079782,0.14285714285714285
gmvp,P04180,LCAT,control,30,0.6666666666666666,0.9450000000000001,2.4508322169860035,0.23333333333333334
gmvp,P04181,OAT,mito,45,0.8888888888888888,0.99,4.656042478833754,0.08888888888888889
gmvp,P04350,TUBB4A,control,49,0.9183673469387755,0.8222222222222223,0.9017403690365022,0.0
gmvp,P04792,HSPB1,control,24,0.875,0.7936507936507937,1.2568467817390918,0.3333333333333333
gmvp,P05067,APP,control,46,0.5434782608695652,0.9904761904761905,3.8150785571068075,0.13043478260869565
gmvp,P05093,CYP17A1,control,68,0.8823529411764706,0.9875,3.651328299389286,0.11764705882352941
gmvp,P05108,CYP11A1,mito,20,0.75,0.9199999999999999,2.3276480278540945,0.15
gmvp,P05165,PCCA,mito,50,0.84,0.9017857142857143,2.2038372564952757,0.06
gmvp,P06858,LPL,control,78,0.8846153846153846,0.995169082125604,4.759530832145383,0.08974358974358974
gmvp,P07320,CRYGD,control,15,0.5333333333333333,0.6607142857142857,0.6708825426380217,0.26666666666666666
gmvp,P07384,CAPN1,control,14,0.35714285714285715,0.9555555555555556,2.6401797094927604,0.07142857142857142
gmvp,P07602,PSAP,mito,28,0.6785714285714286,0.8830409356725146,1.6712000362287474,0.25
gmvp,P07954,FH,mito,167,0.9640718562874252,0.9927536231884059,4.184651493980457,0.0
gmvp,P08100,RHO,control,139,0.9496402877697842,0.9415584415584415,2.6552761452590525,0.014388489208633094
gmvp,P08243,ASNS,control,32,0.84375,0.9703703703703703,2.9819555566489537,0.15625
gmvp,P08514,ITGA2B,control,87,0.8850574712643678,0.9792207792207792,3.693032785416451,0.09195402298850575
gmvp,P08559,PDHA1,mito,10,0.9,1.0,1.9010955620518606,0.0
gmvp,P09622,DLD,mito,20,0.8,0.921875,2.355796001909888,0.05
gmvp,P10515,DLAT,mito,16,0.125,1.0,14.97158721333879,0.0
gmvp,P10809,HSPD1,mito,10,0.8,1.0,2.767418301523601,0.4
gmvp,P10827,THRA,control,12,0.75,0.925925925925926,2.212278241365743,0.08333333333333333
gmvp,P11171,EPB41,control,10,0.4,0.875,1.7020820231031373,0.0
gmvp,P11177,PDHB,mito,13,0.7692307692307693,0.9333333333333333,2.5284113319324315,0.15384615384615385
gmvp,P11182,DBT,mito,36,0.7222222222222222,0.9807692307692308,3.428090468714897,0.08333333333333333
gmvp,P11310,ACADM,mito,37,0.972972972972973,0.7777777777777778,1.303221844308368,0.2702702702702703
gmvp,P11498,PC,mito,46,0.43478260869565216,0.9980769230769231,4.577916625824857,0.13043478260869565
gmvp,P11511,CYP19A1,control,19,0.631578947368421,0.9404761904761906,2.5568890039071612,0.10526315789473684
gmvp,P11586,MTHFD1,control,16,0.3125,1.0,3.6998240500074546,0.1875
gmvp,P12235,SLC25A4,mito,15,0.8,1.0,7.48573214085973,0.0
gmvp,P12694,BCKDHA,mito,56,0.8571428571428571,0.9453125,2.3071299438586057,0.125
gmvp,P12814,ACTN1,control,22,0.8181818181818182,0.8194444444444444,1.4782638771737897,0.4090909090909091
gmvp,P13473,LAMP2,control,23,0.30434782608695654,0.39285714285714285,-0.487049374230406,0.043478260869565216
gmvp,P13498,CYBA,control,16,0.75,0.9583333333333334,2.599481483544981,0.1875
gmvp,P13804,ETFA,mito,11,0.7272727272727273,0.9166666666666667,2.573845824203669,0.18181818181818182
gmvp,P15382,KCNE1,control,10,0.7,0.8571428571428571,1.9534626112739542,0.2
gmvp,P15538,CYP11B1,mito,65,0.8615384615384616,0.8908730158730159,1.729688865941529,0.07692307692307693
gmvp,P16219,ACADS,mito,36,0.8611111111111112,0.832258064516129,0.9825830313496278,0.027777777777777776
gmvp,P16278,GLB1,control,159,0.9056603773584906,0.9893518518518518,4.134534033252606,0.06918238993710692
gmvp,P16615,ATP2A2,control,49,0.8367346938775511,0.9359756097560976,2.315563495612313,0.10204081632653061
gmvp,P17302,GJA1,control,52,0.9807692307692307,1.0,11.421130399628398,0.0
gmvp,P18507,GABRG2,control,26,0.6923076923076923,0.9097222222222222,2.22212375717477,0.038461538461538464
gmvp,P19099,CYP11B2,mito,38,0.5,0.853185595567867,1.5510861449965296,0.2631578947368421
gmvp,P19438,TNFRSF1A,control,44,0.7045454545454546,0.9925558312655087,5.269340423989268,0.0
gmvp,P19971,TYMP,mito,45,0.8888888888888888,0.89,2.506205899271314,0.044444444444444446
gmvp,P20062,TCN2,control,18,0.05555555555555555,0.4117647058823529,-0.5375988484228529,0.1111111111111111
gmvp,P20711,DDC,control,43,0.8372093023255814,0.9047619047619048,1.5750689965876354,0.09302325581395349
gmvp,P20916,MAG,control,13,0.3076923076923077,0.9722222222222222,2.8831507561937135,0.07692307692307693
gmvp,P20933,AGA,control,29,0.6896551724137931,0.85,1.4746279567207392,0.06896551724137931
gmvp,P21397,MAOA,mito,11,0.36363636363636365,0.9285714285714286,2.0525194792267762,0.09090909090909091
gmvp,P21549,AGXT,mito,134,0.9104477611940298,0.962431693989071,2.5169409039036594,0.06716417910447761
gmvp,P21583,KITLG,control,11,0.7272727272727273,0.8333333333333334,1.4287881518520729,0.09090909090909091
gmvp,P21912,SDHB,mito,82,0.926829268292683,0.9780701754385965,4.77920480175473,0.012195121951219513
gmvp,P21953,BCKDHB,mito,70,0.9428571428571428,0.9962121212121212,5.15150221935968,0.02857142857142857
gmvp,P22001,KCNA3,control,21,0.7142857142857143,0.9666666666666667,3.5126895724477234,0.09523809523809523
gmvp,P22033,MMUT,mito,174,0.9597701149425287,0.9230111206159111,2.613763698909136,0.06321839080459771
gmvp,P22413,ENPP1,control,33,0.8484848484848485,0.9357142857142857,2.8243924844886688,0.09090909090909091
gmvp,P22557,ALAS2,mito,48,0.75,0.9166666666666666,1.9309492886947892,0.10416666666666667
gmvp,P23378,GLDC,mito,167,0.8982035928143712,0.9431372549019608,2.6139328136936397,0.04790419161676647
gmvp,P23526,AHCY,control,14,0.7142857142857143,0.875,1.884303465902165,0.14285714285714285
gmvp,P23786,CPT2,mito,40,0.75,0.8733333333333333,1.7174670242665828,0.275
gmvp,P24468,NR2F2,control,12,0.8333333333333334,0.95,2.59216395619744,0.0
gmvp,P24752,ACAT1,mito,57,0.9473684210526315,0.9691358024691358,2.8431152529549055,0.17543859649122806
gmvp,P25189,MPZ,control,91,0.989010989010989,0.9888888888888889,7.339969005903838,0.01098901098901099
gmvp,P25445,FAS,mito,43,0.8604651162790697,0.6126126126126127,0.32735284539435344,0.2558139534883721
gmvp,P25705,ATP5F1A,mito,12,0.4166666666666667,0.9428571428571428,2.273667122958071,0.08333333333333333
gmvp,P28715,ERCC5,control,22,0.45454545454545453,0.9916666666666666,2.677624971768598,0.18181818181818182
gmvp,P30084,ECHS1,mito,47,0.8936170212765957,0.8666666666666667,1.899817187118445,0.1702127659574468
gmvp,P30279,CCND2,control,12,0.6666666666666666,1.0,8.312764360264378,0.5
gmvp,P30301,MIP,mito,10,0.6,1.0,4.039138367350505,0.2
gmvp,P30793,GCH1,control,36,0.9722222222222222,1.0,5.81983089626867,0.05555555555555555
gmvp,P31040,SDHA,mito,46,0.5,0.9527410207939508,2.612542850422132,0.043478260869565216
gmvp,P31321,PRKAR1B,control,10,0.5,0.88,1.7333530519525644,0.1
gmvp,P33527,ABCC1,control,22,0.045454545454545456,0.9047619047619048,2.1552277419831762,0.18181818181818182
gmvp,P33897,ABCD1,mito,288,0.7604166666666666,0.9191317583217524,2.0944964887062265,0.06597222222222222
gmvp,P34059,GALNS,control,119,0.9159663865546218,0.9238532110091744,2.024164764956553,0.06722689075630252
gmvp,P35218,CA5A,mito,11,0.18181818181818182,1.0,10.382998985392568,0.09090909090909091
gmvp,P35523,CLCN1,control,131,0.8931297709923665,0.9682539682539681,3.025895888961098,0.12213740458015267
gmvp,P35680,HNF1B,control,85,0.9411764705882353,0.9450000000000001,2.4351290219809627,0.08235294117647059
gmvp,P35712,SOX6,control,19,0.21052631578947367,0.8500000000000001,0.837691080695459,0.05263157894736842
gmvp,P35914,HMGCL,mito,20,0.85,0.9607843137254902,3.48914207908454,0.1
gmvp,P36551,CPOX,mito,19,0.47368421052631576,0.9555555555555556,2.7439007702770866,0.05263157894736842
gmvp,P36776,LONP1,mito,106,0.08490566037735849,0.882016036655212,1.9466626530186169,0.16037735849056603
gmvp,P38571,LIPA,control,52,0.7884615384615384,0.9866962305986696,3.844781077327442,0.07692307692307693
gmvp,P38606,ATP6V1A,control,26,0.9230769230769231,0.7916666666666667,1.3325186295542844,0.0
gmvp,P39210,MPV17,mito,15,0.9333333333333333,0.9285714285714286,2.7789782523234683,0.2
gmvp,P40337,VHL,control,203,0.8275862068965517,0.9238095238095237,1.904744808198689,0.07389162561576355
gmvp,P40926,MDH2,mito,10,0.4,1.0,4.593926624001047,0.1
gmvp,P40939,HADHA,mito,29,0.7241379310344828,0.9345238095238095,2.4962187850165,0.06896551724137931
gmvp,P42262,GRIA2,control,34,0.7647058823529411,0.9759615384615384,2.707092503079979,0.029411764705882353
gmvp,P42704,LRPPRC,mito,39,0.23076923076923078,0.9851851851851852,2.7584512278529076,0.10256410256410256
gmvp,P42771,CDKN2A,control,49,0.7346938775510204,0.8931623931623931,1.9960578535239335,0.08163265306122448
gmvp,P43003,SLC1A3,control,11,0.18181818181818182,0.9444444444444444,2.9093463833475735,0.2727272727272727
gmvp,P43235,CTSK,control,28,0.8928571428571429,1.0,5.105933225207035,0.0
gmvp,P45379,TNNT2,control,51,0.9411764705882353,0.9166666666666667,1.6457343984871653,0.11764705882352941
gmvp,P45954,ACADSB,mito,13,0.6923076923076923,1.0,4.541858061702268,0.0
gmvp,P48728,AMT,mito,40,0.875,0.8857142857142857,1.9672297778567664,0.1
gmvp,P48735,IDH2,mito,11,0.5454545454545454,0.9666666666666668,2.588667631463402,0.2727272727272727
gmvp,P49335,POU3F4,control,33,0.8787878787878788,0.9051724137931034,1.412935047327986,0.030303030303030304
gmvp,P49419,ALDH7A1,mito,72,0.9027777777777778,0.8571428571428572,1.5834739149117414,0.1388888888888889
gmvp,P49773,HINT1,mito,12,0.9166666666666666,1.0,4.533287616071083,0.08333333333333333
gmvp,P49821,NDUFV1,mito,26,0.8076923076923077,0.9238095238095239,1.5473574578249953,0.038461538461538464
gmvp,P49916,LIG3,mito,16,0.25,1.0,3.3826900178406794,0.0625
gmvp,P50281,MMP14,control,12,0.16666666666666666,0.8500000000000001,0.8992877553845767,0.08333333333333333
gmvp,P50402,EMD,control,17,0.35294117647058826,0.7727272727272727,1.204042094654501,0.17647058823529413
gmvp,P50416,CPT1A,mito,40,0.625,0.9946666666666667,4.657355758856456,0.1
gmvp,P50440,GATM,mito,15,0.6,0.962962962962963,2.3430657511621042,0.26666666666666666
gmvp,P51159,RAB27A,control,20,0.9,1.0,4.14590872119367,0.2
gmvp,P51168,SCNN1B,control,26,0.5,0.8816568047337278,1.24383488971744,0.19230769230769232
gmvp,P51530,DNA2,mito,19,0.21052631578947367,1.0,4.3604258704705305,0.10526315789473684
gmvp,P51648,ALDH3A2,mito,43,0.813953488372093,0.9285714285714286,2.28317300125661,0.06976744186046512
gmvp,P51649,ALDH5A1,mito,39,0.7692307692307693,0.9851851851851852,4.07316447619865,0.02564102564102564
gmvp,P51687,SUOX,mito,23,0.6086956521739131,0.8968253968253969,1.9038193269243389,0.043478260869565216
gmvp,P51790,CLCN3,control,17,0.8823529411764706,0.9333333333333333,3.0485533005053456,0.0
gmvp,P51801,CLCNKB,control,48,0.4791666666666667,0.9652173913043478,2.4841885816845064,0.16666666666666666
gmvp,P51812,RPS6KA3,control,52,0.7884615384615384,0.9889135254988913,3.9197316769151156,0.019230769230769232
gmvp,P52429,DGKE,control,14,0.7857142857142857,0.9696969696969697,3.430198107981466,0.07142857142857142
gmvp,P52848,NDST1,control,10,0.4,0.875,1.9690417030178522,0.1
gmvp,P52952,NKX2-5,control,39,0.717948717948718,0.9415584415584416,2.6025244795435136,0.20512820512820512
gmvp,P53597,SUCLG1,mito,12,0.75,1.0,8.76561809914403,0.16666666666666666
gmvp,P53674,CRYBB1,control,13,0.5384615384615384,0.7619047619047619,1.3620555925846611,0.07692307692307693
gmvp,P53701,HCCS,mito,19,0.21052631578947367,0.8833333333333333,1.3604675766383691,0.10526315789473684
gmvp,P54098,POLG,mito,135,0.8666666666666667,0.9653371320037987,3.155624690963017,0.14074074074074075
gmvp,P54819,AK2,mito,15,0.5333333333333333,0.9642857142857143,2.701433649254782,0.2
gmvp,P54840,GYS2,control,26,0.3076923076923077,0.9305555555555555,2.8992310171655995,0.038461538461538464
gmvp,P54868,HMGCS2,mito,21,0.9523809523809523,1.0,3.397679084483918,0.23809523809523808
gmvp,P54886,ALDH18A1,mito,33,0.7575757575757576,0.925,2.143778617830843,0.18181818181818182
gmvp,P55084,HADHB,mito,26,0.9230769230769231,0.9791666666666667,5.109645875264268,0.07692307692307693
gmvp,P55201,BRPF1,control,27,0.25925925925925924,0.95,2.4425330528742912,0.1111111111111111
gmvp,P55809,OXCT1,mito,12,0.6666666666666666,0.90625,1.1283925648790292,0.0
gmvp,P56696,KCNQ4,control,43,0.7209302325581395,0.9946236559139785,5.212346545392289,0.0
gmvp,P58012,FOXL2,control,39,0.9230769230769231,0.9537037037037036,3.469883460058354,0.05128205128205128
gmvp,P60484,PTEN,control,253,0.9723320158102767,0.9953542392566782,4.307173760465259,0.003952569169960474
gmvp,P61626,LYZ,control,13,0.23076923076923078,1.0,4.170121593320834,0.15384615384615385
gmvp,P61981,YWHAG,control,16,0.8125,1.0,4.399766529838297,0.0625
gmvp,P62070,RRAS2,control,10,0.8,1.0,4.112134311637441,0.0
gmvp,P62879,GNB2,control,15,0.8,1.0,4.045770632482742,0.2
gmvp,P63267,ACTG2,control,39,0.9743589743589743,0.6578947368421053,0.38451327774058647,0.02564102564102564
gmvp,P67775,PPP2CA,control,23,0.7391304347826086,0.7352941176470589,0.48476563181349885,0.0
gmvp,P78562,PHEX,control,171,0.8245614035087719,0.968321513002364,2.9740121160832294,0.04678362573099415
gmvp,P80365,HSD11B2,control,17,0.5882352941176471,1.0,3.1637593990913686,0.29411764705882354
gmvp,P80404,ABAT,mito,13,0.7692307692307693,0.9333333333333333,1.9487623515466306,0.15384615384615385
gmvp,Q00577,PURA,control,86,0.686046511627907,0.911487758945386,1.6994262413637595,0.046511627906976744
gmvp,Q01453,PMP22,mito,36,0.9166666666666666,1.0,10.063680102743975,0.027777777777777776
gmvp,Q01718,MC2R,control,25,0.76,0.9385964912280702,2.3527127083206447,0.24
gmvp,Q01959,SLC6A3,control,12,0.4166666666666667,1.0,6.498420395348221,0.16666666666666666
gmvp,Q02094,RHAG,control,12,0.75,1.0,6.12044656419439,0.25
gmvp,Q02127,DHODH,mito,15,0.4666666666666667,0.8571428571428571,1.4797293558758169,0.13333333333333333
gmvp,Q02252,ALDH6A1,mito,10,0.6,1.0,3.610184766799051,0.2
gmvp,Q02318,CYP27A1,mito,39,0.7692307692307693,0.9777777777777777,3.1365431788656415,0.0
gmvp,Q02750,MAP2K1,control,49,0.9183673469387755,0.6388888888888888,0.75367492823706,0.22448979591836735
gmvp,Q04844,CHRNE,control,50,0.86,0.9069767441860465,2.1351622761419624,0.24
gmvp,Q06945,SOX4,control,19,0.6842105263157895,1.0,3.1190006961544094,0.0
gmvp,Q07021,C1QBP,mito,11,0.36363636363636365,1.0,4.2475744676985565,0.09090909090909091
gmvp,Q07837,SLC3A1,control,45,0.9333333333333333,0.9206349206349206,1.830268884783813,0.022222222222222223
gmvp,Q07973,CYP24A1,mito,23,0.5217391304347826,0.8863636363636364,1.635155865259267,0.043478260869565216
gmvp,Q08209,PPP3CA,control,26,0.8076923076923077,0.9714285714285714,3.406157796553654,0.11538461538461539
gmvp,Q08J23,NSUN2,mito,15,0.3333333333333333,0.9400000000000001,2.4478538124570854,0.13333333333333333
gmvp,Q10713,PMPCA,mito,12,0.5833333333333334,0.9428571428571428,2.4374393802661567,0.16666666666666666
gmvp,Q12887,COX10,mito,14,0.5,0.979591836734694,2.9425289778623736,0.0
gmvp,Q12946,FOXF1,control,36,0.6944444444444444,0.9927272727272727,5.61204129999695,0.027777777777777776
gmvp,Q12980,NPRL3,control,12,0.08333333333333333,1.0,4.31664744480981,0.08333333333333333
gmvp,Q13153,PAK1,control,29,0.8620689655172413,1.0,5.3573864500496,0.10344827586206896
gmvp,Q13207,TBX2,control,13,0.3076923076923077,0.6944444444444444,0.9783033603352801,0.23076923076923078
gmvp,Q13253,NOG,control,30,0.8333333333333334,0.9760000000000001,3.874298261312749,0.06666666666666667
gmvp,Q13286,CLN3,control,27,0.8518518518518519,0.8695652173913043,2.536257607611909,0.0
gmvp,Q13415,ORC1,mito,23,0.2608695652173913,0.9803921568627451,2.1567257935757196,0.08695652173913043
gmvp,Q13423,NNT,mito,23,0.391304347826087,0.9523809523809523,2.4142733232499443,0.08695652173913043
gmvp,Q13426,XRCC4,control,11,0.2727272727272727,0.5833333333333333,0.9065831430957352,0.09090909090909091
gmvp,Q13461,FOXE3,control,23,0.4782608695652174,0.9772727272727273,2.107121958754915,0.17391304347826086
gmvp,Q13472,TOP3A,mito,14,0.21428571428571427,0.6363636363636364,0.924423282031846,0.07142857142857142
gmvp,Q13501,SQSTM1,control,13,0.38461538461538464,0.8250000000000001,1.6514624315635624,0.07692307692307693
gmvp,Q13509,TUBB3,control,65,0.8461538461538461,0.7163636363636363,0.757028914435592,0.0
gmvp,Q13627,DYRK1A,control,16,0.0625,0.2666666666666667,-0.8031562708703748,0.0
gmvp,Q13825,AUH,mito,10,0.7,1.0,16.8596184417401,0.0
gmvp,Q13885,TUBB2A,control,44,0.7727272727272727,0.7558823529411764,0.963854738255456,0.022727272727272728
gmvp,Q14203,DCTN1,control,43,0.20930232558139536,0.9542483660130718,2.1980509501801264,0.023255813953488372
gmvp,Q14671,PUM1,control,13,0.23076923076923078,0.8333333333333333,1.6852571825694078,0.3076923076923077
gmvp,Q15031,LARS2,mito,31,0.7096774193548387,0.9494949494949496,2.574796396834425,0.12903225806451613
gmvp,Q15147,PLCB4,control,17,0.5294117647058824,1.0,4.0464959880257805,0.11764705882352941
gmvp,Q15437,SEC23B,control,23,0.6521739130434783,0.9,1.8623129685610171,0.30434782608695654
gmvp,Q15526,SURF1,mito,30,0.9333333333333333,0.8928571428571428,1.8100933634847538,0.06666666666666667
gmvp,Q15751,HERC1,control,39,0.05128205128205128,0.9864864864864865,3.0754688819455,0.05128205128205128
gmvp,Q16134,ETFDH,mito,103,0.9514563106796117,0.9897959183673469,4.1607776259765075,0.1262135922330097
gmvp,Q16281,CNGA3,control,137,0.8905109489051095,0.9967213114754099,4.395256257350351,0.12408759124087591
gmvp,Q16595,FXN,mito,11,0.5454545454545454,1.0,3.1268512755138147,0.0
gmvp,Q16795,NDUFA9,mito,17,0.35294117647058826,0.9393939393939393,2.9268620709256625,0.058823529411764705
gmvp,Q16854,DGUOK,mito,19,0.8947368421052632,0.8529411764705883,1.513788105911276,0.3157894736842105
gmvp,Q32P41,TRMT5,mito,11,0.09090909090909091,1.0,3.7549983231448496,0.18181818181818182
gmvp,Q330K2,NDUFAF6,mito,17,0.5882352941176471,0.9571428571428571,2.098184349359045,0.058823529411764705
gmvp,Q3MJ13,WDR72,control,19,0.21052631578947367,0.9000000000000001,1.2962738741114628,0.05263157894736842
gmvp,Q3SXY8,ARL13B,control,12,0.5,0.9444444444444445,2.6042659856907147,0.08333333333333333
gmvp,Q3T906,GNPTAB,control,52,0.7115384615384616,0.8810810810810812,1.7951043286846011,0.17307692307692307
gmvp,Q4G176,ACSF3,mito,23,0.34782608695652173,0.8083333333333333,1.4812190566346182,0.08695652173913043
gmvp,Q53R41,FASTKD1,mito,10,0.1,1.0,11.839744992542714,0.0
gmvp,Q5EBM0,CMPK2,mito,10,0.3,1.0,2.6100655417264145,0.1
gmvp,Q5FBB7,SGO1,control,10,0.1,0.8888888888888888,2.06418297452125,0.0
gmvp,Q5HYA8,TMEM67,control,76,0.9078947368421053,1.0,4.669511304252793,0.11842105263157894
gmvp,Q5JPH6,EARS2,mito,21,0.7142857142857143,1.0,3.44184646035402,0.3333333333333333
gmvp,Q5JRX3,PITRM1,mito,31,0.03225806451612903,1.0,4.847806577427129,0.06451612903225806
gmvp,Q5JSL3,DOCK11,control,15,0.6,0.7962962962962963,1.5583206068332318,0.13333333333333333
gmvp,Q5JTZ9,AARS2,mito,43,0.46511627906976744,0.9108695652173913,2.0009118771304357,0.046511627906976744
gmvp,Q5T160,RARS2,mito,35,0.7142857142857143,0.944,2.3159771259254174,0.17142857142857143
gmvp,Q5T280,SPOUT1,control,10,0.6,1.0,4.739999659544324,0.2
gmvp,Q5T440,IBA57,mito,17,0.5882352941176471,0.9428571428571428,2.477711232934419,0.17647058823529413
gmvp,Q5TEU4,NDUFAF5,mito,24,0.7916666666666666,0.9578947368421052,2.2609388679402525,0.20833333333333334
gmvp,Q5THJ4,VPS13D,mito,52,0.19230769230769232,1.0,5.73775257427312,0.038461538461538464
gmvp,Q68CP9,ARID2,control,81,0.024691358024691357,0.9936708860759494,3.9893454261979553,0.037037037037037035
gmvp,Q68CZ1,RPGRIP1L,control,25,0.4,0.8666666666666667,1.7061534075116618,0.08
gmvp,Q6NUK1,SLC25A24,mito,12,0.25,0.8888888888888888,1.9688717076870779,0.3333333333333333
gmvp,Q6NVY1,HIBCH,mito,24,0.625,0.7555555555555555,0.8989764037201408,0.08333333333333333
gmvp,Q6P1J9,CDC73,control,10,0.7,1.0,3.2742464415652806,0.3
gmvp,Q6P4I2,WDR73,control,11,0.45454545454545453,0.9666666666666667,1.6970163145963422,0.09090909090909091
gmvp,Q6PD62,CTR9,control,29,0.5172413793103449,0.861904761904762,1.1787606725761095,0.2413793103448276
gmvp,Q6PI48,DARS2,mito,26,0.6923076923076923,0.9305555555555556,1.952726091162438,0.19230769230769232
gmvp,Q6Y288,B3GLCT,control,11,0.36363636363636365,1.0,4.986257427418874,0.09090909090909091
gmvp,Q6ZMI0,PPP1R21,control,10,0.2,0.875,1.466840475350916,0.0
gmvp,Q6ZMP0,THSD4,control,19,0.05263157894736842,1.0,13.424482569460439,0.05263157894736842
gmvp,Q6ZVN8,HJV,control,18,0.7777777777777778,0.9285714285714286,1.8252778970949577,0.05555555555555555
gmvp,Q70HW3,SLC25A26,mito,12,0.3333333333333333,1.0,4.334166064865072,0.08333333333333333
gmvp,Q7L2E3,DHX30,mito,43,0.2558139534883721,0.9375,2.3095246366591704,0.11627906976744186
gmvp,Q7L3T8,PARS2,mito,11,0.18181818181818182,1.0,2.2260673847829757,0.0
gmvp,Q7L5A8,FA2H,control,31,0.7419354838709677,0.9402173913043479,2.278524998394673,0.12903225806451613
gmvp,Q7L8L6,FASTKD5,mito,12,0.25,1.0,4.092704457782727,0.08333333333333333
gmvp,Q7LBC6,KDM3B,control,58,0.25862068965517243,0.910077519379845,2.71098034060883,0.034482758620689655
gmvp,Q7LGC8,CHST3,control,34,0.7058823529411765,0.9875,3.950078124693919,0.14705882352941177
gmvp,Q86WG5,SBF2,control,10,0.2,1.0,5.899961266140139,0.1
gmvp,Q86XE5,HOGA1,mito,58,0.9137931034482759,0.9622641509433962,2.7931070172895707,0.15517241379310345
gmvp,Q86YT5,SLC13A5,control,13,0.8461538461538461,1.0,5.593270105381164,0.0
gmvp,Q8IUX1,TMEM126B,mito,11,0.18181818181818182,1.0,3.255529877508685,0.0
gmvp,Q8IV16,GPIHBP1,control,29,0.3793103448275862,0.9595959595959596,2.9977897876365804,0.06896551724137931
gmvp,Q8IVH4,MMAA,mito,22,0.9545454545454546,0.9047619047619048,2.9900261001435173,0.0
gmvp,Q8IWZ6,BBS7,control,12,0.9166666666666666,0.9090909090909091,2.8739527146001382,0.25
gmvp,Q8N130,SLC34A3,control,35,0.42857142857142855,0.8833333333333334,1.7873775417685902,0.11428571428571428
gmvp,Q8N135,LGI4,control,15,0.4666666666666667,0.8571428571428572,2.2304666300356617,0.0
gmvp,Q8N159,NAGS,mito,15,0.6666666666666666,0.9600000000000001,3.215701808683334,0.2
gmvp,Q8N3C0,ASCC3,control,17,0.29411764705882354,1.0,7.249417382786409,0.058823529411764705
gmvp,Q8N3I7,BBS5,control,12,0.9166666666666666,0.9090909090909091,1.8931661623366824,0.16666666666666666
gmvp,Q8N3U4,STAG2,control,24,0.4166666666666667,0.8642857142857143,1.7768392305405092,0.125
gmvp,Q8N442,GUF1,mito,14,0.07142857142857142,0.7692307692307692,1.0785488810205421,0.21428571428571427
gmvp,Q8N465,D2HGDH,mito,24,0.5,0.9791666666666666,3.4779547608846335,0.0
gmvp,Q8N490,PNKD,mito,18,0.16666666666666666,0.5333333333333333,-0.053582670647182924,0.05555555555555555
gmvp,Q8N5F7,NKAP,control,10,0.3,1.0,19.079207162874454,0.0
gmvp,Q8NFJ9,BBS1,control,22,0.8636363636363636,0.7894736842105263,1.3264242093807965,0.13636363636363635
gmvp,Q8NI60,COQ8A,mito,42,0.7380952380952381,0.9706744868035191,3.237402736623784,0.14285714285714285
gmvp,Q8TAP6,CEP76,control,12,0.6666666666666666,0.90625,1.7758740297355016,0.08333333333333333
gmvp,Q8TCG5,CPT1C,mito,17,0.17647058823529413,0.9523809523809524,2.55031183880574,0.17647058823529413
gmvp,Q8TCS8,PNPT1,mito,23,0.6086956521739131,0.9761904761904762,3.597654723589636,0.13043478260869565
gmvp,Q8TD30,GPT2,mito,10,0.4,1.0,5.4066292936458735,0.1
gmvp,Q8TF50,ZNF526,control,12,0.16666666666666666,0.7,0.9089271721495482,0.16666666666666666
gmvp,Q8WWV3,RTN4IP1,mito,14,0.5,0.7346938775510203,0.8541523380171123,0.14285714285714285
gmvp,Q8WWZ3,EDARADD,control,13,0.8461538461538461,1.0,2.4853988557938167,0.38461538461538464
gmvp,Q8WXG6,MADD,mito,13,0.3076923076923077,0.7777777777777778,1.965216252617545,0.07692307692307693
gmvp,Q8WYB5,KAT6B,control,178,0.05056179775280899,0.6166995397764629,0.6151365742493379,0.06179775280898876
gmvp,Q8WYQ3,CHCHD10,mito,10,0.4,0.75,0.8441336988103673,0.3
gmvp,Q8WZ55,BSND,control,13,0.6923076923076923,1.0,4.129187074709209,0.07692307692307693
gmvp,Q92558,WASF1,control,14,0.21428571428571427,0.6969696969696969,1.0034880722811055,0.07142857142857142
gmvp,Q92838,EDA,control,150,0.8533333333333334,0.9367897727272727,2.0866970912601506,0.05333333333333334
gmvp,Q92947,GCDH,mito,184,0.9728260869565217,0.794413407821229,1.366026626798216,0.07608695652173914
gmvp,Q969G2,LHX4,control,12,0.3333333333333333,0.875,1.8271700544350276,0.08333333333333333
gmvp,Q969G3,SMARCE1,control,26,0.5769230769230769,1.0,12.413939869122908,0.0
gmvp,Q969H0,FBXW7,control,19,0.6842105263157895,0.9871794871794872,3.5872646418818546,0.2631578947368421
gmvp,Q969S9,GFM2,mito,25,0.08,0.9130434782608696,3.241805022839219,0.0
gmvp,Q969Y2,GTPBP3,mito,11,0.8181818181818182,1.0,2.6175840636781063,0.18181818181818182
gmvp,Q969Z4,RELT,control,14,0.2857142857142857,1.0,4.173738051936654,0.14285714285714285
gmvp,Q96AG3,SLC25A46,mito,16,0.625,1.0,3.729167325922756,0.125
gmvp,Q96AY3,FKBP10,mito,12,0.75,0.7777777777777778,1.1424729760400039,0.0
gmvp,Q96C36,PYCR2,mito,14,0.7857142857142857,0.7575757575757577,1.453330826546629,0.0
gmvp,Q96CU9,FOXRED1,mito,11,0.6363636363636364,0.8928571428571428,1.778683411942496,0.0
gmvp,Q96D53,COQ8B,mito,21,0.5714285714285714,1.0,3.7155516214687427,0.19047619047619047
gmvp,Q96DP5,MTFMT,mito,19,0.3157894736842105,0.7307692307692307,0.932831177404576,0.15789473684210525
gmvp,Q96DW6,SLC25A38,mito,19,0.8421052631578947,1.0,5.293389548131795,0.10526315789473684
gmvp,Q96EG1,ARSG,control,19,0.3157894736842105,1.0,4.2391620635742475,0.15789473684210525
gmvp,Q96EY8,MMAB,mito,31,0.8387096774193549,0.9538461538461538,3.0488308949247527,0.06451612903225806
gmvp,Q96GM8,TOE1,control,21,0.5238095238095238,0.9090909090909091,1.9275876670918042,0.09523809523809523
gmvp,Q96HY7,DHTKD1,mito,17,0.11764705882352941,0.8666666666666667,1.9824737617084054,0.23529411764705882
gmvp,Q96I59,NARS2,mito,17,0.5294117647058824,0.8888888888888888,1.6822455915726666,0.11764705882352941
gmvp,Q96IR7,HPDL,mito,29,0.7931034482758621,0.9927536231884058,3.567746572418758,0.13793103448275862
gmvp,Q96IV0,NGLY1,control,20,0.5,1.0,11.44071268526717,0.0
gmvp,Q96JX3,SERAC1,mito,20,0.35,0.989010989010989,4.309222263872313,0.05
gmvp,Q96MS0,ROBO3,control,39,0.4358974358974359,0.9946524064171124,2.8512499377821503,0.10256410256410256
gmvp,Q96PY6,NEK1,control,12,0.3333333333333333,0.9375,1.932532222064293,0.08333333333333333
gmvp,Q96Q11,TRNT1,mito,12,0.5833333333333334,0.8857142857142857,2.2315641988141985,0.0
gmvp,Q96QS3,ARX,control,53,0.49056603773584906,0.9743589743589745,3.412614172170176,0.018867924528301886
gmvp,Q96RD7,PANX1,control,12,0.16666666666666666,0.9500000000000001,2.204870071342391,0.0
gmvp,Q96RK4,BBS4,control,17,0.5294117647058824,0.8194444444444444,1.4404201667402072,0.058823529411764705
gmvp,Q96RP9,GFM1,mito,13,0.38461538461538464,0.85,1.3833809751661885,0.3076923076923077
gmvp,Q96RQ3,MCCC1,mito,41,0.6341463414634146,0.9384615384615385,2.461240440610493,0.04878048780487805
gmvp,Q96RR1,TWNK,mito,52,0.9423076923076923,1.0,5.261915193703448,0.09615384615384616
gmvp,Q96S06,LMF1,control,36,0.05555555555555555,0.9705882352941176,3.0553043038515857,0.05555555555555555
gmvp,Q99497,PARK7,mito,11,0.7272727272727273,0.6666666666666667,0.7092216371657485,0.0
gmvp,Q99519,NEU1,control,44,0.6590909090909091,0.9149425287356322,1.8819568937270081,0.29545454545454547
gmvp,Q99643,SDHC,mito,20,0.9,0.8888888888888888,2.0608012716287525,0.2
gmvp,Q99707,MTR,control,25,0.32,0.9852941176470588,3.728254447113117,0.16
gmvp,Q99714,HSD17B10,mito,21,0.7619047619047619,1.0,1.743965619039369,0.047619047619047616
gmvp,Q99758,ABCA3,control,62,0.6290322580645161,0.9587513935340022,3.0893028236266407,0.11290322580645161
gmvp,Q99797,MIPEP,mito,20,0.15,0.9607843137254902,3.0686420467412234,0.15
gmvp,Q99798,ACO2,mito,18,0.8888888888888888,0.78125,1.0382715632301835,0.05555555555555555
gmvp,Q99807,COQ7,mito,14,0.5,0.8163265306122449,1.615054377682753,0.14285714285714285
gmvp,Q9BQ52,ELAC2,mito,21,0.42857142857142855,0.9537037037037037,2.566022008530262,0.09523809523809523
gmvp,Q9BQT8,SLC25A21,mito,12,0.08333333333333333,0.6363636363636364,1.1954350702804508,0.3333333333333333
gmvp,Q9BSI4,TINF2,control,20,0.65,0.989010989010989,2.153654721209518,0.05
gmvp,Q9BUB7,TMEM70,mito,12,0.25,1.0,2.784924232615549,0.08333333333333333
gmvp,Q9BUM1,G6PC3,control,19,0.6842105263157895,1.0,8.96887363192425,0.05263157894736842
gmvp,Q9BV79,MECR,mito,11,0.45454545454545453,1.0,4.642241479625373,0.0
gmvp,Q9BVA0,KATNB1,control,26,0.15384615384615385,0.9545454545454545,2.120484966901375,0.038461538461538464
gmvp,Q9BW92,TARS2,mito,20,0.6,0.96875,2.252022555674987,0.25
gmvp,Q9BX63,BRIP1,mito,62,0.14516129032258066,0.9643605870020965,2.2507560086550344,0.03225806451612903
gmvp,Q9BXJ7,AMN,mito,10,0.4,0.9166666666666667,2.290863986577423,0.0
gmvp,Q9BXM0,PRX,mito,26,0.038461538461538464,0.31999999999999995,-0.7146446213102641,0.038461538461538464
gmvp,Q9BXM7,PINK1,mito,20,0.45,1.0,4.08239916869914,0.2
gmvp,Q9BY79,MFRP,control,10,0.5,1.0,3.458589394146627,0.3
gmvp,Q9BYV9,BACH2,control,18,0.05555555555555555,1.0,23.427835156617867,0.0
gmvp,Q9GZS0,DNAI2,control,20,0.2,0.84375,1.9982613565337322,0.1
gmvp,Q9H0R6,QRSL1,mito,11,0.18181818181818182,1.0,2.891422299843399,0.18181818181818182
gmvp,Q9H237,PORCN,control,31,0.4838709677419355,0.9833333333333333,3.2777452957444506,0.0967741935483871
gmvp,Q9H2U2,PPA2,mito,23,0.6086956521739131,1.0,4.671273335037673,0.13043478260869565
gmvp,Q9H324,ADAMTS10,control,22,0.36363636363636365,0.9553571428571429,2.919552993107924,0.13636363636363635
gmvp,Q9H3H1,TRIT1,mito,11,0.2727272727272727,1.0,2.914872485649973,0.09090909090909091
gmvp,Q9H845,ACAD9,mito,43,0.7209302325581395,0.8790322580645161,1.7765735469601394,0.11627906976744186
gmvp,Q9H9P8,L2HGDH,mito,21,0.7142857142857143,1.0,5.24270812568219,0.047619047619047616
gmvp,Q9HA77,CARS2,mito,11,0.09090909090909091,0.5,-0.5847619062507257,0.09090909090909091
gmvp,Q9HAN9,NMNAT1,control,40,0.975,1.0,3.2444804873753785,0.15
gmvp,Q9HC21,SLC25A19,mito,17,0.7647058823529411,0.8653846153846154,1.656339409631997,0.058823529411764705
gmvp,Q9HCC0,MCCC2,mito,56,0.9642857142857143,0.8611111111111112,1.479863063942736,0.07142857142857142
gmvp,Q9NP58,ABCB6,mito,21,0.38095238095238093,0.8365384615384616,1.1117418361906888,0.047619047619047616
gmvp,Q9NPJ1,MKKS,control,25,0.68,1.0,4.027244916567736,0.2
gmvp,Q9NQ66,PLCB1,control,10,0.2,0.75,1.2494787918624786,0.0
gmvp,Q9NQZ6,ZC4H2,control,29,0.8620689655172413,0.9099999999999999,1.9716294866835193,0.2413793103448276
gmvp,Q9NSE4,IARS2,mito,21,0.2857142857142857,0.9,1.4821095865438108,0.14285714285714285
gmvp,Q9NUD9,PIGV,control,12,0.6666666666666666,0.9375,2.5495389430854667,0.16666666666666666
gmvp,Q9NVS9,PNPO,mito,15,0.9333333333333333,0.9285714285714286,3.2692801429606066,0.3333333333333333
gmvp,Q9NVV4,MTPAP,mito,10,0.2,0.875,1.577999974935592,0.1
gmvp,Q9NWS8,RMND1,mito,19,0.5789473684210527,0.9090909090909091,2.1639773713683965,0.10526315789473684
gmvp,Q9NWW5,CLN6,control,27,0.8518518518518519,0.8152173913043478,1.5159022561811706,0.1111111111111111
gmvp,Q9NYY8,FASTKD2,mito,21,0.14285714285714285,1.0,2.211744200145622,0.047619047619047616
gmvp,Q9NZB8,MOCS1,mito,13,0.3076923076923077,1.0,5.078812659665173,0.0
gmvp,Q9P0W8,SPATA7,control,15,0.2,0.8055555555555556,1.1360174401642726,0.0
gmvp,Q9P2R7,SUCLA2,mito,18,0.5,0.9259259259259259,2.2741138888292443,0.1111111111111111
gmvp,Q9UBC3,DNMT3B,control,28,0.6785714285714286,1.0,6.835238610119982,0.0
gmvp,Q9UBQ7,GRHPR,mito,29,0.7931034482758621,0.8478260869565216,1.640479293790924,0.13793103448275862
gmvp,Q9UBT6,POLK,control,19,0.7894736842105263,0.9166666666666666,1.5208059929911044,0.05263157894736842
gmvp,Q9UBY8,CLN8,control,29,0.8620689655172413,0.79,1.1101911433599347,0.1724137931034483
gmvp,Q9UDR5,AASS,mito,16,0.3125,0.781818181818182,1.2263114749612505,0.125
gmvp,Q9UGM6,WARS2,mito,17,0.5294117647058824,0.9861111111111112,3.266191291186394,0.11764705882352941
gmvp,Q9UHD2,TBK1,control,20,0.3,1.0,2.913244009203992,0.3
gmvp,Q9UHK6,AMACR,mito,10,0.2,1.0,3.3045979263123875,0.1
gmvp,Q9UHN1,POLG2,mito,11,0.18181818181818182,0.8333333333333334,1.852191377316386,0.09090909090909091
gmvp,Q9UI17,DMGDH,mito,11,0.09090909090909091,0.8,1.4774713767271628,0.09090909090909091
gmvp,Q9UK17,KCND3,control,36,0.7222222222222222,0.9846153846153847,2.604821536692253,0.027777777777777776
gmvp,Q9UKA2,FBXL4,mito,27,0.9259259259259259,0.9199999999999999,2.07829961119506,0.25925925925925924
gmvp,Q9UKU7,ACAD8,mito,21,0.6666666666666666,0.8571428571428572,1.6632192426674421,0.19047619047619047
gmvp,Q9UL18,AGO1,control,14,0.9285714285714286,1.0,5.397346939836302,0.07142857142857142
gmvp,Q9ULD0,OGDHL,mito,12,0.25,0.9259259259259258,3.2485875988857895,0.08333333333333333
gmvp,Q9ULL5,PRR12,control,109,0.01834862385321101,0.9299065420560747,1.9664841283012853,0.01834862385321101
gmvp,Q9UM01,SLC7A7,control,20,0.8,0.828125,1.1317529023023114,0.05
gmvp,Q9UM47,NOTCH3,control,340,0.75,0.9650288350634372,3.2717041456429516,0.061764705882352944
gmvp,Q9UMS0,NFU1,mito,13,0.7692307692307693,1.0,2.8902326149273714,0.23076923076923078
gmvp,Q9UNE0,EDAR,control,44,0.8636363636363636,0.7675438596491229,1.0818315508418357,0.09090909090909091
gmvp,Q9UQ90,SPG7,mito,40,0.85,0.8333333333333333,1.7287367557637943,0.05
gmvp,Q9UQD0,SCN8A,control,303,0.8778877887788779,0.9547856126803494,2.60528699201466,0.0165016501650165
gmvp,Q9Y219,JAG2,control,21,0.09523809523809523,0.9736842105263158,2.8138575804554518,0.047619047619047616
gmvp,Q9Y276,BCS1L,mito,42,0.8809523809523809,0.9243243243243243,2.4704309309136896,0.19047619047619047
gmvp,Q9Y2I7,PIKFYVE,control,33,0.030303030303030304,0.84375,1.2262948586921971,0.0
gmvp,Q9Y2Z2,MTO1,mito,10,0.4,1.0,4.962964647847031,0.0
gmvp,Q9Y2Z4,YARS2,mito,15,0.8,0.888888888888889,2.0726562379652083,0.2
gmvp,Q9Y2Z9,COQ6,mito,13,0.38461538461538464,0.9,1.7466304784164948,0.07692307692307693
gmvp,Q9Y375,NDUFAF1,mito,12,0.25,0.9259259259259258,1.219246340769169,0.0
gmvp,Q9Y399,MRPS2,mito,12,0.16666666666666666,1.0,3.553845929956526,0.16666666666666666
gmvp,Q9Y3A0,COQ4,mito,21,0.6666666666666666,0.9183673469387754,2.042997421602312,0.23809523809523808
gmvp,Q9Y3Z3,SAMHD1,control,15,0.7333333333333333,0.9772727272727273,2.9635871229809747,0.06666666666666667
gmvp,Q9Y4W6,AFG3L2,mito,40,0.975,1.0,5.207615630233651,0.075
gmvp,Q9Y5Q3,MAFB,control,27,0.6666666666666666,0.9506172839506173,2.9828073118003195,0.0
gmvp,Q9Y606,PUS1,mito,12,0.4166666666666667,0.9714285714285715,2.857236559116218,0.0
gmvp,Q9Y619,SLC25A15,mito,20,0.8,1.0,7.256505520483939,0.0
gmvp,Q9Y6B7,AP4B1,control,14,0.21428571428571427,1.0,5.286353348277759,0.07142857142857142
esm2_score,O00142,TK2,mito,19,0.9473684210526315,0.9444444444444444,0.8839604647807727,0.0
esm2_score,O14521,SDHD,mito,21,0.9047619047619048,1.0,1.4557266830442972,0.0
esm2_score,O14802,POLR3A,control,12,0.5833333333333334,0.8571428571428571,0.699731454110894,0.08333333333333333
esm2_score,O15160,POLR1C,control,10,0.8,1.0,1.9630282539122048,0.0
esm2_score,O15528,CYP27B1,mito,18,0.8888888888888888,0.875,1.7560465246323942,0.05555555555555555
esm2_score,O43175,PHGDH,control,10,0.7,0.761904761904762,1.4596086115983806,0.0
esm2_score,O43186,CRX,control,17,0.6470588235294118,1.0,2.6227894762864827,0.17647058823529413
esm2_score,O43405,COCH,control,11,0.5454545454545454,0.39999999999999997,-0.6400716168857526,0.09090909090909091
esm2_score,O60260,PRKN,mito,20,0.6,0.875,1.4955414431190035,0.1
esm2_score,O60890,OPHN1,control,14,0.07142857142857142,1.0,1.7184452710190101,0.14285714285714285
esm2_score,O75360,PROP1,control,12,0.75,1.0,2.9690187026979062,0.08333333333333333
esm2_score,O75398,DEAF1,control,17,0.5882352941176471,0.9857142857142858,1.7866993501232322,0.11764705882352941
esm2_score,O75648,TRMU,mito,20,0.55,0.9595959595959597,1.2906675545265855,0.1
esm2_score,O75695,RP2,mito,14,0.42857142857142855,1.0,1.187633384759755,0.0
esm2_score,O94761,RECQL4,mito,34,0.058823529411764705,0.78125,1.03665781483488,0.23529411764705882
esm2_score,O95140,MFN2,mito,57,0.9298245614035088,0.9009433962264152,1.8743395131100011,0.05263157894736842
esm2_score,O95363,FARS2,mito,10,0.7,1.0,1.4059872921994958,0.0
esm2_score,O95571,ETHE1,mito,13,0.8461538461538461,1.0,1.69257280484529,0.07692307692307693
esm2_score,O95831,AIFM1,mito,12,0.25,0.5555555555555556,0.3180340067821552,0.25
esm2_score,P00387,CYB5R3,mito,10,0.7,1.0,1.7363171959215642,0.0
esm2_score,P00480,OTC,mito,49,0.9591836734693877,0.6808510638297872,0.8535940598045478,0.02040816326530612
esm2_score,P00813,ADA,control,38,0.8421052631578947,0.96875,1.1890401186471535,0.02631578947368421
esm2_score,P02533,KRT14,control,19,0.6842105263157895,0.9743589743589745,1.273394862631915,0.0
esm2_score,P02671,FGA,control,10,0.5,0.68,0.49305018447068044,0.1
esm2_score,P04180,LCAT,control,11,0.7272727272727273,0.9166666666666667,1.0932848648153166,0.0
esm2_score,P04181,OAT,mito,22,0.9545454545454546,1.0,4677.5193089804825,0.045454545454545456
esm2_score,P04792,HSPB1,control,16,0.9375,1.0,39.920564658852506,0.0625
esm2_score,P05067,APP,control,13,0.6923076923076923,0.5,-0.3437853259245807,0.07692307692307693
esm2_score,P05093,CYP17A1,control,38,0.9736842105263158,0.972972972972973,5.496640937793072,0.02631578947368421
esm2_score,P05165,PCCA,mito,27,0.8518518518518519,1.0,2.0055206212427765,0.0
esm2_score,P05166,PCCB,mito,38,0.9473684210526315,0.9722222222222222,1.4343798699538242,0.0
esm2_score,P06858,LPL,control,33,0.8787878787878788,1.0,2.8930311253969885,0.0
esm2_score,P07602,PSAP,mito,13,0.6153846153846154,0.8500000000000001,0.8367809415505416,0.07692307692307693
esm2_score,P07954,FH,mito,85,0.9647058823529412,0.8252032520325204,0.5285822626128304,0.047058823529411764
esm2_score,P08100,RHO,control,72,0.9861111111111112,1.0,75.01865101137633,0.0
esm2_score,P08243,ASNS,control,15,0.8666666666666667,1.0,3.315889179681284,0.0
esm2_score,P08514,ITGA2B,control,82,0.8902439024390244,0.9406392694063926,1.0961117136277043,0.036585365853658534
esm2_score,P08559,PDHA1,mito,31,0.7741935483870968,0.9940476190476191,2.203472767775969,0.06451612903225806
esm2_score,P09622,DLD,mito,10,0.7,1.0,3.5713325385754793,0.1
esm2_score,P10515,DLAT,mito,10,0.1,1.0,1.8725996865759937,0.1
esm2_score,P11182,DBT,mito,18,0.6111111111111112,1.0,2.3389661123497247,0.05555555555555555
esm2_score,P11498,PC,mito,10,0.4,1.0,1.5276575789394544,0.1
esm2_score,P12694,BCKDHA,mito,31,0.9032258064516129,0.9880952380952381,2.067968278488442,0.03225806451612903
esm2_score,P13498,CYBA,control,10,0.7,1.0,1.3489620017341621,0.0
esm2_score,P15538,CYP11B1,mito,36,0.8055555555555556,0.9950738916256159,2.0020872932729685,0.0
esm2_score,P16219,ACADS,mito,21,0.8571428571428571,0.9629629629629629,0.9762291814916342,0.047619047619047616
esm2_score,P16278,GLB1,control,82,0.9146341463414634,0.9542857142857143,2.2948159626673967,0.036585365853658534
esm2_score,P17302,GJA1,control,12,0.9166666666666666,0.6363636363636364,0.7795192362572244,0.25
esm2_score,P18507,GABRG2,control,16,0.875,1.0,4.586074910425436,0.0
esm2_score,P19099,CYP11B2,mito,20,0.35,0.8791208791208791,1.4235368234330465,0.05
esm2_score,P19438,TNFRSF1A,control,15,0.6666666666666666,0.8600000000000001,1.2365512315820513,0.13333333333333333
esm2_score,P19971,TYMP,mito,15,0.8666666666666667,1.0,119.38750582282262,0.0
esm2_score,P20711,DDC,control,25,0.72,0.9285714285714286,1.6972139536361956,0.08
esm2_score,P20933,AGA,control,17,0.6470588235294118,1.0,2.22622825265924,0.11764705882352941
esm2_score,P21549,AGXT,mito,55,0.8181818181818182,0.9533333333333334,1.8803808175859755,0.01818181818181818
esm2_score,P21912,SDHB,mito,57,0.9298245614035088,0.9433962264150944,1.3002925496780091,0.03508771929824561
esm2_score,P21953,BCKDHB,mito,37,0.918918918918919,0.9607843137254902,2.336212096722787,0.0
esm2_score,P22033,MMUT,mito,80,0.95,0.9638157894736842,1.7756370522423974,0.025
esm2_score,P22413,ENPP1,control,12,0.6666666666666666,0.84375,1.3538176891839968,0.0
esm2_score,P22557,ALAS2,mito,13,0.38461538461538464,0.7000000000000001,0.5960769124866343,0.07692307692307693
esm2_score,P23378,GLDC,mito,59,0.847457627118644,0.8133333333333335,1.1801262899889113,0.15254237288135594
esm2_score,P23786,CPT2,mito,24,0.75,0.7592592592592593,1.0634737571529311,0.041666666666666664
esm2_score,P24752,ACAT1,mito,32,0.96875,1.0,698.8474302192933,0.03125
esm2_score,P25445,FAS,mito,12,0.6666666666666666,0.96875,1.686640074940853,0.08333333333333333
esm2_score,P28715,ERCC5,control,12,0.25,1.0,3.032327641429286,0.25
esm2_score,P30084,ECHS1,mito,18,0.8888888888888888,0.96875,1.9164344473663575,0.05555555555555555
esm2_score,P30279,CCND2,control,10,0.7,0.6190476190476191,0.20684372347169303,0.4
esm2_score,P31040,SDHA,mito,21,0.7619047619047619,0.9750000000000001,2.2958180414900333,0.09523809523809523
esm2_score,P31327,CPS1,mito,35,0.7714285714285715,0.8194444444444443,0.8431182639053856,0.08571428571428572
esm2_score,P33897,ABCD1,mito,96,0.78125,0.953015873015873,1.3117341969406655,0.020833333333333332
esm2_score,P34059,GALNS,control,64,0.890625,0.8671679197994988,0.4562035472354436,0.015625
esm2_score,P35523,CLCN1,control,69,0.8985507246376812,0.9792626728110599,2.2513473661754784,0.057971014492753624
esm2_score,P35680,HNF1B,control,21,0.8571428571428571,0.8703703703703705,1.9864515337176778,0.09523809523809523
esm2_score,P36776,LONP1,mito,18,0.05555555555555555,1.0,1.7612216926339723,0.1111111111111111
esm2_score,P38571,LIPA,control,24,0.875,1.0,1.8424265984735033,0.041666666666666664
esm2_score,P40337,VHL,control,106,0.9528301886792453,0.9881188118811881,1.3272312333345944,0.009433962264150943
esm2_score,P40939,HADHA,mito,10,0.7,1.0,1.860411662896152,0.0
esm2_score,P41250,GARS1,mito,20,0.45,0.9898989898989898,1.339864550113781,0.05
esm2_score,P42704,LRPPRC,mito,10,0.1,1.0,1.3616466185126512,0.1
esm2_score,P42771,CDKN2A,control,34,0.9117647058823529,0.7634408602150538,0.5314633540129876,0.029411764705882353
esm2_score,P43235,CTSK,control,12,0.9166666666666666,1.0,515.0120606794652,0.0
esm2_score,P45379,TNNT2,control,23,0.9130434782608695,0.7142857142857143,1.3958551864726574,0.0
esm2_score,P48728,AMT,mito,22,0.8636363636363636,1.0,2.18217846945671,0.0
esm2_score,P49419,ALDH7A1,mito,29,0.8620689655172413,0.78,0.7821863990858371,0.0
esm2_score,P49588,AARS1,control,12,0.25,1.0,1.370539734990356,0.0
esm2_score,P49748,ACADVL,mito,73,0.9315068493150684,0.961764705882353,1.6200730572745077,0.0273972602739726
esm2_score,P50416,CPT1A,mito,19,0.631578947368421,0.8809523809523809,1.5218461080510435,0.0
esm2_score,P51168,SCNN1B,control,10,0.3,1.0,1.925688045896919,0.1
esm2_score,P51648,ALDH3A2,mito,19,0.7894736842105263,1.0,2.4145195094224308,0.0
esm2_score,P51649,ALDH5A1,mito,26,0.6538461538461539,0.9542483660130718,1.6871271610772185,0.038461538461538464
esm2_score,P51659,HSD17B4,mito,26,0.6153846153846154,1.0,1.1839232364812753,0.038461538461538464
esm2_score,P51687,SUOX,mito,11,0.5454545454545454,0.9333333333333333,1.169084252804252,0.0
esm2_score,P51801,CLCNKB,control,31,0.3870967741935484,0.9956140350877194,1.4553330335525065,0.06451612903225806
esm2_score,P54098,POLG,mito,69,0.8840579710144928,0.9590163934426229,1.2531188229762893,0.014492753623188406
esm2_score,P54840,GYS2,control,15,0.2,1.0,2.4915298236921912,0.13333333333333333
esm2_score,P55084,HADHB,mito,13,0.9230769230769231,0.9166666666666666,3.053605678233496,0.0
esm2_score,P56696,KCNQ4,control,13,0.6153846153846154,0.875,2.0395170858758074,0.0
esm2_score,P60484,PTEN,control,183,0.9672131147540983,1.0,4.512575573826467,0.01639344262295082
esm2_score,P78562,PHEX,control,50,0.9,0.9777777777777777,1.085908339244556,0.0
esm2_score,Q00577,PURA,control,12,0.9166666666666666,1.0,1004.9048969203316,0.0
esm2_score,Q01453,PMP22,mito,21,0.8571428571428571,0.9444444444444444,1.4113180544628567,0.0
esm2_score,Q02318,CYP27A1,mito,25,0.76,0.9035087719298246,0.990547548784209,0.04
esm2_score,Q02750,MAP2K1,control,22,0.9090909090909091,0.875,2.1777508742449796,0.22727272727272727
esm2_score,Q04844,CHRNE,control,21,0.8571428571428571,1.0,2.6203597898451183,0.047619047619047616
esm2_score,Q07973,CYP24A1,mito,15,0.6,0.962962962962963,1.3318729113734746,0.06666666666666667
esm2_score,Q13286,CLN3,control,17,0.7647058823529411,0.9807692307692308,1.7290048175830446,0.0
esm2_score,Q13415,ORC1,mito,14,0.21428571428571427,0.9393939393939393,1.8299823222172833,0.07142857142857142
esm2_score,Q13509,TUBB3,control,20,0.95,0.8421052631578947,1.5599544516940524,0.05
esm2_score,Q14203,DCTN1,control,27,0.1111111111111111,1.0,3.219687460565663,0.4074074074074074
esm2_score,Q15031,LARS2,mito,16,0.625,0.8666666666666667,0.867275296938928,0.125
esm2_score,Q15046,KARS1,mito,11,0.45454545454545453,1.0,2.4235865921241277,0.18181818181818182
esm2_score,Q15437,SEC23B,control,14,0.5714285714285714,0.75,0.6956103295391867,0.07142857142857142
esm2_score,Q15526,SURF1,mito,11,0.8181818181818182,1.0,1.4746901662538212,0.0
esm2_score,Q16134,ETFDH,mito,59,0.9830508474576272,0.9827586206896551,7.146773199646451,0.01694915254237288
esm2_score,Q16281,CNGA3,control,50,0.92,0.9891304347826086,2.5128370108869857,0.02
esm2_score,Q16854,DGUOK,mito,14,0.9285714285714286,1.0,4.721171631100647,0.0
esm2_score,Q3T906,GNPTAB,control,27,0.7037037037037037,0.9013157894736843,1.5221539293409547,0.14814814814814814
esm2_score,Q5HYA8,TMEM67,control,25,0.84,0.9880952380952381,2.698351915901462,0.0
esm2_score,Q5JRX3,PITRM1,mito,20,0.05,1.0,1.3868344705271618,0.15
esm2_score,Q5JTZ9,AARS2,mito,19,0.21052631578947367,0.8833333333333334,1.555798875770286,0.05263157894736842
esm2_score,Q5T160,RARS2,mito,21,0.8095238095238095,0.9264705882352942,2.017671291023296,0.0
esm2_score,Q5THJ4,VPS13D,mito,26,0.07692307692307693,0.9583333333333334,1.6533780405028868,0.11538461538461539
esm2_score,Q68CZ1,RPGRIP1L,control,16,0.25,0.9583333333333334,1.22795133433353,0.0625
esm2_score,Q6PI48,DARS2,mito,11,0.6363636363636364,0.8928571428571428,0.8681074590914751,0.18181818181818182
esm2_score,Q6ZVN8,HJV,control,10,0.8,1.0,1.5460420134910855,0.1
esm2_score,Q7L5A8,FA2H,control,12,0.6666666666666666,1.0,5.7942823579931275,0.08333333333333333
esm2_score,Q86XE5,HOGA1,mito,29,0.896551724137931,0.9743589743589743,4.027586550671705,0.06896551724137931
esm2_score,Q8N130,SLC34A3,control,19,0.3684210526315789,1.0,1.0451321112925158,0.0
esm2_score,Q8NFJ9,BBS1,control,14,0.7857142857142857,0.8181818181818181,1.133725612709041,0.0
esm2_score,Q8NI60,COQ8A,mito,18,0.7222222222222222,0.9692307692307693,1.585645512617058,0.05555555555555555
esm2_score,Q8TCS8,PNPT1,mito,10,0.4,0.9583333333333334,2.158803046334986,0.0
esm2_score,Q8WYQ3,CHCHD10,mito,12,0.16666666666666666,0.9500000000000001,0.8726352670924807,0.0
esm2_score,Q92838,EDA,control,35,0.9714285714285714,0.5588235294117647,-0.2521972702411138,0.02857142857142857
esm2_score,Q92947,GCDH,mito,111,0.9819819819819819,0.17889908256880735,-0.5241484786841466,0.0
esm2_score,Q96DP5,MTFMT,mito,12,0.16666666666666666,1.0,1.1123002417416603,0.0
esm2_score,Q96EY8,MMAB,mito,19,0.7894736842105263,0.9666666666666667,1.2728679922815496,0.0
esm2_score,Q96IV0,NGLY1,control,11,0.2727272727272727,1.0,1.9868205282988918,0.18181818181818182
esm2_score,Q96MS0,ROBO3,control,17,0.23529411764705882,1.0,1.9222265120213535,0.17647058823529413
esm2_score,Q96QS3,ARX,control,15,0.5333333333333333,0.9464285714285715,2.4560742215427194,0.2
esm2_score,Q96RP9,GFM1,mito,15,0.4666666666666667,0.9285714285714286,2.456062722859439,0.2
esm2_score,Q96RQ3,MCCC1,mito,15,0.7333333333333333,1.0,2.493059226350854,0.06666666666666667
esm2_score,Q96RR1,TWNK,mito,18,0.9444444444444444,1.0,39.08148377406407,0.0
esm2_score,Q96S06,LMF1,control,20,0.1,1.0,1.0673727769697936,0.1
esm2_score,Q99519,NEU1,control,17,0.9411764705882353,0.375,-1.01125313667873,0.0
esm2_score,Q99707,MTR,control,12,0.08333333333333333,1.0,3.251917948598218,0.4166666666666667
esm2_score,Q99758,ABCA3,control,33,0.7272727272727273,0.8472222222222223,1.3694639655639804,0.06060606060606061
esm2_score,Q9BX63,BRIP1,mito,11,0.45454545454545453,0.9333333333333333,2.5287066007350676,0.18181818181818182
esm2_score,Q9GZS0,DNAI2,control,10,0.1,1.0,0.9987429357244351,0.0
esm2_score,Q9H2U2,PPA2,mito,11,0.36363636363636365,0.9642857142857143,2.4111575235014264,0.2727272727272727
esm2_score,Q9H845,ACAD9,mito,21,0.7619047619047619,0.9625,1.3620621961494126,0.047619047619047616
esm2_score,Q9H9P8,L2HGDH,mito,10,0.5,1.0,2.0775860449001966,0.3
esm2_score,Q9HA77,CARS2,mito,11,0.09090909090909091,0.5,0.36750139505170826,0.2727272727272727
esm2_score,Q9HAN9,NMNAT1,control,12,0.9166666666666666,1.0,4.316986497507468,0.0
esm2_score,Q9HCC0,MCCC2,mito,32,0.96875,0.967741935483871,4.365388996470804,0.0
esm2_score,Q9NPJ1,MKKS,control,13,0.5384615384615384,1.0,2.7642431772137304,0.23076923076923078
esm2_score,Q9NVS9,PNPO,mito,12,0.9166666666666666,1.0,7.683602196673372,0.0
esm2_score,Q9NWW5,CLN6,control,16,0.8125,0.8205128205128205,0.8004605329821748,0.0625
esm2_score,Q9NZB8,MOCS1,mito,11,0.2727272727272727,1.0,1.251226011159085,0.0
esm2_score,Q9P0W8,SPATA7,control,10,0.1,1.0,2.5976138607509487,0.0
esm2_score,Q9UBC3,DNMT3B,control,10,0.8,1.0,3.0477798181646847,0.1
esm2_score,Q9UBQ7,GRHPR,mito,15,0.6,0.9074074074074073,0.7019051725764326,0.06666666666666667
esm2_score,Q9UBY8,CLN8,control,13,0.7692307692307693,0.9333333333333333,1.3338722072048552,0.0
esm2_score,Q9UKA2,FBXL4,mito,12,0.9166666666666666,1.0,194.92024427913336,0.0
esm2_score,Q9ULL5,PRR12,control,27,0.037037037037037035,1.0,1.792832241596931,0.18518518518518517
esm2_score,Q9UM01,SLC7A7,control,10,0.8,0.9375,1.4734349045725343,0.1
esm2_score,Q9UM47,NOTCH3,control,154,0.7077922077922078,0.981039755351682,1.5015422330045483,0.032467532467532464
esm2_score,Q9UNE0,EDAR,control,10,0.8,0.875,1.3035512977145718,0.0
esm2_score,Q9UQ90,SPG7,mito,23,0.8260869565217391,1.0,2.857122981668123,0.043478260869565216
esm2_score,Q9UQD0,SCN8A,control,80,0.9125,0.8414872798434443,1.1834782490475833,0.1
esm2_score,Q9Y276,BCS1L,mito,18,0.9444444444444444,1.0,7.410358312463384,0.0
esm2_score,Q9Y5Q3,MAFB,control,11,0.5454545454545454,1.0,3.151908096015838,0.2727272727272727
esm2_score,Q9Y619,SLC25A15,mito,13,0.9230769230769231,1.0,556.7338136233944,0.0
