gene_symbol,n,n_pos,n_neg,varity,alphamissense,gmvp
AAAS,18,13,5,0.9692307692307692,0.8923076923076922,0.9846153846153847
AARS2,43,20,23,0.9304347826086956,0.9173913043478261,0.9108695652173913
AASS,16,5,11,0.8,0.7818181818181819,0.781818181818182
ABAT,13,10,3,0.9666666666666668,1.0,0.9333333333333333
ABCA1,87,17,70,0.9848739495798319,0.9899159663865547,0.9310924369747899
ABCA12,137,33,104,0.9274475524475525,0.9297785547785546,0.958916083916084
ABCA3,62,39,23,0.9732441471571907,0.9966555183946488,0.9587513935340022
ABCA4,678,647,31,0.9669940669093084,0.9659719798574063,0.9269083113127587
ABCB11,91,64,27,0.9820601851851851,0.9675925925925926,0.9490740740740741
ABCB4,55,47,8,0.9414893617021277,0.9015957446808511,0.8377659574468086
ABCB6,21,8,13,0.8173076923076923,0.8557692307692308,0.8365384615384616
ABCC2,47,13,34,0.9660633484162895,0.9660633484162897,0.9140271493212669
ABCC6,133,95,38,0.9872576177285318,0.9501385041551246,0.9706371191135734
ABCC8,59,56,3,0.9583333333333334,0.9761904761904762,0.7559523809523809
ABCC9,36,33,3,1.0,1.0,1.0
ABCD1,288,219,69,0.9759777645423864,0.9653563629144332,0.9191317583217524
ABCD4,25,4,21,0.9404761904761905,0.8928571428571429,0.9761904761904762
ABCG5,23,5,18,0.9777777777777777,0.9222222222222223,0.8111111111111111
ABCG8,28,6,22,1.0,0.9848484848484849,1.0
ABHD12,8,4,4,1.0,1.0,1.0
ABHD5,9,5,4,1.0,1.0,1.0
ACAD8,21,14,7,0.9081632653061225,0.9387755102040817,0.8571428571428572
ACAD9,43,31,12,0.9112903225806452,0.9086021505376345,0.8790322580645161
ACADS,36,31,5,0.9290322580645162,0.7290322580645161,0.832258064516129
ACADSB,13,9,4,1.0,1.0,1.0
ACAN,77,9,68,0.9068627450980393,0.9428104575163397,0.8300653594771242
ACAT1,57,54,3,1.0,0.9567901234567902,0.9691358024691358
ACE,34,5,29,0.9655172413793104,0.9241379310344828,0.793103448275862
ACOX1,11,7,4,1.0,1.0,1.0
ACP4,18,9,9,0.962962962962963,1.0,0.9876543209876543
ACP5,16,6,10,1.0,1.0,1.0
ACSF3,23,8,15,0.9833333333333334,0.9416666666666668,0.8083333333333333
ACTL7A,8,5,3,1.0,1.0,1.0
ACTN1,22,18,4,0.9027777777777778,0.9444444444444444,0.8194444444444444
ACTN2,41,8,33,0.9583333333333333,0.962121212121212,0.962121212121212
ACTN4,29,15,14,0.9904761904761905,0.9571428571428571,0.9
ACVR1,25,10,15,0.98,0.9133333333333333,0.9466666666666668
ACVRL1,249,235,14,0.978419452887538,0.9887537993920972,0.952887537993921
ADA,56,48,8,0.9583333333333333,0.9036458333333334,0.9244791666666666
ADA2,36,31,5,1.0,0.9548387096774194,0.9806451612903226
ADAMTS13,55,36,19,0.8596491228070176,0.9619883040935673,0.9269005847953217
ADAMTS17,15,4,11,0.9318181818181819,1.0,0.8636363636363636
ADAMTS2,19,3,16,1.0,0.9375,0.7916666666666667
ADAMTSL2,19,12,7,1.0,1.0,1.0
ADAR,27,18,9,1.0,1.0,0.9938271604938271
ADCY5,59,24,35,0.9773809523809524,0.9904761904761904,0.8821428571428571
ADGRG1,23,11,12,0.9696969696969697,0.9924242424242424,0.9318181818181818
ADGRV1,618,22,596,0.775091519219036,0.7625838926174497,0.7445851128737034
ADNP,105,8,97,0.8801546391752577,0.9471649484536082,0.961340206185567
ADSL,39,33,6,0.6919191919191919,0.6717171717171717,0.6565656565656566
AFF2,46,4,42,0.5,0.7738095238095237,0.6071428571428572
AFF4,27,6,21,0.9682539682539681,0.9920634920634921,0.9365079365079365
AGA,29,20,9,0.9666666666666667,0.95,0.85
AGBL5,15,5,10,0.98,1.0,0.96
AGL,37,19,18,0.935672514619883,0.8859649122807017,0.8421052631578948
AGPAT2,12,6,6,1.0,1.0,1.0
AGXT,134,122,12,0.9760928961748635,0.9644808743169399,0.962431693989071
AHCY,14,10,4,0.95,0.925,0.875
AHDC1,184,5,179,0.8670391061452514,0.8793296089385475,0.8145251396648046
AHI1,49,23,26,0.9732441471571907,0.9816053511705686,0.9615384615384616
AIFM1,66,43,23,0.9069767441860465,0.8564206268958543,0.8422649140546006
AIPL1,37,22,15,0.9787878787878789,0.9606060606060607,0.9484848484848485
AIRE,51,39,12,0.985042735042735,0.938034188034188,0.9914529914529915
AK2,15,8,7,0.9464285714285715,0.8928571428571428,0.9642857142857143
AKR1C2,7,4,3,0.33333333333333337,0.75,0.33333333333333337
ALAS2,48,36,12,0.912037037037037,0.9328703703703703,0.9166666666666666
ALB,14,7,7,0.653061224489796,0.7346938775510204,0.7142857142857143
ALDH18A1,33,25,8,0.83,0.96,0.925
ALDH1A2,7,4,3,1.0,1.0,0.9166666666666667
ALDH1A3,18,14,4,1.0,1.0,0.9642857142857143
ALDH3A2,43,35,8,0.9821428571428571,0.9678571428571427,0.9285714285714286
ALDH5A1,39,30,9,0.9814814814814815,1.0,0.9851851851851852
ALDH6A1,10,6,4,0.875,1.0,1.0
ALDH7A1,72,65,7,0.9142857142857143,0.9516483516483516,0.8571428571428572
ALDOB,24,21,3,0.7301587301587302,0.873015873015873,0.8571428571428572
ALG1,41,27,14,0.9947089947089948,0.9788359788359788,0.8809523809523809
ALG11,18,12,6,1.0,1.0,1.0
ALG12,15,7,8,1.0,1.0,1.0
ALG13,86,9,77,0.9307359307359307,0.9264069264069265,0.834054834054834
ALG5,9,3,6,1.0,1.0,0.9444444444444444
ALG6,17,8,9,0.9444444444444444,1.0,0.9444444444444444
ALG8,13,6,7,0.9761904761904763,1.0,0.9523809523809524
ALG9,10,4,6,1.0,0.8333333333333334,1.0
ALK,96,16,80,0.9828125,0.99296875,0.83125
ALMS1,226,15,211,0.684044233807267,0.6878357030015797,0.6334913112164298
ALOX12B,74,69,5,0.9768115942028985,0.9826086956521739,0.991304347826087
ALPK1,65,3,62,0.8924731182795699,0.7795698924731183,0.9032258064516129
ALPL,321,316,5,1.0,0.9873417721518989,0.9854430379746836
ALS2,26,12,14,0.9940476190476191,0.9702380952380952,0.9285714285714286
ALX4,13,4,9,1.0,1.0,1.0
AMH,32,11,21,0.9783549783549784,1.0,0.935064935064935
AMHR2,19,13,6,0.8974358974358975,0.8141025641025642,0.8076923076923077
AMN,10,4,6,0.9166666666666667,0.9166666666666667,0.9166666666666667
AMT,40,35,5,0.9714285714285715,0.942857142857143,0.8857142857142857
ANG,10,7,3,0.8571428571428572,0.9047619047619049,1.0
ANK2,153,12,141,0.7848699763593381,0.801418439716312,0.725177304964539
ANKH,11,7,4,0.9642857142857143,0.9285714285714286,1.0
ANKLE2,44,3,41,0.9349593495934959,0.9512195121951219,0.8617886178861788
ANKRD11,269,33,236,0.9409347714432461,0.9312403697996918,0.9609655880842322
ANKRD17,44,13,31,0.9007444168734491,0.8883374689826304,0.8263027295285359
ANO10,15,5,10,0.9,0.88,0.76
ANO3,21,12,9,0.9074074074074074,1.0,0.9259259259259259
ANO5,46,35,11,0.9896103896103896,1.0,0.9532467532467532
ANOS1,35,11,24,0.9204545454545454,0.8409090909090908,0.9053030303030303
ANTXR2,16,11,5,1.0,1.0,1.0
ANXA11,24,4,20,0.4375,0.7375,0.45
AP1G1,8,4,4,0.6875,0.875,0.875
AP3B1,12,3,9,0.9259259259259259,0.888888888888889,0.9259259259259259
AP4B1,14,3,11,1.0,1.0,1.0
APC,89,22,67,0.9145183175033922,0.9314789687924017,0.8534599728629578
APOA1,19,16,3,0.9791666666666667,0.9791666666666667,0.9791666666666667
APOE,21,13,8,0.9326923076923077,0.8557692307692308,0.8076923076923077
APP,46,25,21,0.8514285714285714,0.7885714285714286,0.9904761904761905
APRT,30,27,3,1.0,0.9629629629629629,0.9382716049382717
AQP1,12,3,9,0.888888888888889,0.7407407407407407,0.8518518518518519
AQP2,34,29,5,0.8827586206896552,0.9862068965517242,0.9655172413793104
AQP5,11,5,6,0.8666666666666667,0.8333333333333334,0.9333333333333333
AR,215,184,31,0.9679172510518934,0.9715988779803647,0.957398316970547
ARFGEF1,28,6,22,0.9318181818181819,0.9772727272727273,0.8787878787878789
ARID1A,260,30,230,0.8972463768115942,0.9082608695652176,0.8856521739130435
ARL13B,12,6,6,0.9722222222222223,1.0,0.9444444444444445
ARMC9,26,4,22,0.9545454545454546,1.0,1.0
ARPC1B,10,3,7,0.9047619047619049,0.9047619047619049,0.8571428571428571
ARR3,10,3,7,0.6190476190476191,0.8095238095238095,0.7619047619047619
ARSB,95,86,9,0.9599483204134367,0.9857881136950905,0.9521963824289406
ARSG,19,6,13,1.0,1.0,1.0
ARX,53,26,27,0.982905982905983,0.9871794871794872,0.9743589743589745
ASCC3,17,5,12,1.0,1.0,1.0
ASH1L,73,3,70,0.5619047619047619,0.7904761904761904,0.5571428571428572
ASL,105,100,5,1.0,0.972,0.986
ASNS,32,27,5,0.9925925925925927,0.9777777777777777,0.9703703703703703
ASPA,69,63,6,0.9867724867724867,0.9550264550264551,0.9708994708994709
ASPM,100,3,97,0.9828178694158076,0.9828178694158075,1.0
ASS1,80,75,5,0.9946666666666667,0.9866666666666667,0.9573333333333334
ASXL1,209,3,206,0.6051779935275081,0.7103559870550162,0.6359223300970874
ATF6,19,6,13,1.0,0.9230769230769231,0.8717948717948718
ATG4D,9,5,4,1.0,1.0,0.8
ATG7,12,4,8,0.90625,0.90625,0.78125
ATL1,69,66,3,0.9595959595959597,0.9595959595959597,0.9595959595959597
ATM,256,94,162,0.9210007880220645,0.9272721302863147,0.9135145784081953
ATN1,41,9,32,0.9652777777777778,1.0,0.9826388888888888
ATP11A,15,3,12,0.7777777777777779,0.75,0.8611111111111112
ATP13A2,21,5,16,0.95,1.0,1.0
ATP1A1,36,24,12,0.96875,0.9756944444444444,0.9548611111111112
ATP1A2,77,69,8,0.9583333333333334,0.9873188405797102,0.9655797101449275
ATP2A1,7,3,4,1.0,1.0,1.0
ATP2A2,49,41,8,1.0,0.9878048780487805,0.9359756097560976
ATP2B1,16,10,6,0.9,0.9333333333333333,1.0
ATP2B3,39,6,33,0.7929292929292928,0.8232323232323231,0.47474747474747475
ATP5F1A,12,5,7,0.9142857142857144,0.8857142857142858,0.9428571428571428
ATP5MC3,6,3,3,1.0,1.0,1.0
ATP6AP1,29,8,21,0.9464285714285715,0.9702380952380952,0.9345238095238095
ATP6V0A2,12,4,8,0.9375,0.90625,0.8125
ATP6V0A4,22,12,10,1.0,1.0,0.9916666666666667
ATP6V1B1,12,8,4,0.78125,1.0,1.0
ATP6V1B2,20,13,7,1.0,1.0,1.0
ATP7A,241,40,201,0.9159203980099503,0.9611318407960199,0.9486318407960199
ATP7B,225,200,25,0.9292,0.9331,0.9354
ATP8A2,13,6,7,0.7619047619047619,0.9285714285714286,0.9047619047619048
ATP8B1,33,21,12,0.996031746031746,0.9722222222222222,0.9682539682539683
AUH,10,7,3,1.0,1.0,1.0
AUTS2,130,17,113,0.9219156689224361,0.8662155127537742,0.6965122332118687
AVIL,11,3,8,0.8333333333333334,0.8333333333333333,0.75
AVP,32,27,5,0.9555555555555556,0.9777777777777777,0.9703703703703703
AVPR2,81,50,31,0.9761290322580645,0.9993548387096775,0.952258064516129
B3GALNT2,9,4,5,0.9500000000000001,0.9,0.9500000000000001
B3GALT6,21,18,3,1.0,0.7962962962962963,0.9074074074074074
B3GAT3,15,12,3,0.9444444444444445,0.888888888888889,0.9166666666666667
B3GLCT,11,4,7,1.0,1.0,1.0
B4GALNT1,13,5,8,1.0,1.0,1.0
B9D1,8,5,3,0.8666666666666667,0.8,0.7333333333333334
B9D2,8,5,3,1.0,1.0,1.0
BAAT,14,4,10,1.0,1.0,0.9500000000000001
BAG3,25,7,18,0.9761904761904763,1.0,0.9920634920634921
BAP1,55,27,28,0.9497354497354498,0.8908730158730158,0.9047619047619048
BAZ2B,72,5,67,0.7850746268656716,0.6776119402985075,0.6029850746268657
BBS1,22,19,3,0.8421052631578948,0.8421052631578948,0.7894736842105263
BBS10,33,28,5,0.9928571428571429,0.9857142857142858,1.0
BBS12,27,13,14,0.9505494505494505,0.9395604395604396,0.9010989010989011
BBS4,17,9,8,0.9166666666666667,0.8888888888888888,0.8194444444444444
BBS9,19,8,11,0.9318181818181818,0.9318181818181819,0.9090909090909091
BCAT2,11,3,8,1.0,1.0,1.0
BCHE,15,12,3,1.0,1.0,0.9444444444444444
BCKDHA,56,48,8,0.9765625,0.96875,0.9453125
BCKDHB,70,66,4,1.0,0.9810606060606061,0.9962121212121212
BCKDK,6,3,3,1.0,1.0,1.0
BCL11A,28,16,12,0.8489583333333334,0.84375,0.8437500000000001
BCL11B,56,11,45,0.9313131313131313,0.9818181818181818,0.9353535353535354
BCS1L,42,37,5,0.9675675675675676,0.9081081081081082,0.9243243243243243
BGN,11,3,8,0.6666666666666666,1.0,0.8333333333333334
BHLHA9,8,4,4,1.0,1.0,1.0
BICD2,110,33,77,0.9590712317985046,0.9862258953168044,0.8850846123573397
BICRA,50,3,47,0.8297872340425532,0.8652482269503546,0.624113475177305
BIN1,9,4,5,1.0,1.0,1.0
BIRC3,9,4,5,0.85,1.0,0.9500000000000001
BLM,47,9,38,1.0,0.9970760233918129,0.9152046783625731
BMP1,17,10,7,0.9285714285714285,0.8999999999999999,0.8285714285714285
BMP15,18,7,11,0.5844155844155844,0.6363636363636364,0.7402597402597403
BMP2,10,3,7,0.8571428571428572,0.6190476190476191,0.7142857142857142
BMP4,12,4,8,0.96875,0.9375,0.96875
BMPER,10,3,7,1.0,1.0,0.8571428571428572
BMPR1A,29,25,4,0.93,0.89,0.94
BMPR2,136,83,53,0.9727210729711299,0.9627187997272108,0.9713571266196863
BRAF,115,102,13,0.9939668174962293,0.9992458521870287,0.9932126696832579
BRAT1,39,9,30,0.9592592592592593,0.9351851851851852,0.9592592592592593
BRCA1,422,79,343,0.9716942835000184,0.9650699339410268,0.9651621950769458
BRD4,25,3,22,1.0,1.0,1.0
BRIP1,62,9,53,0.9287211740041929,0.9528301886792453,0.9643605870020965
BRPF1,27,7,20,0.9642857142857142,1.0,0.95
BRWD3,45,8,37,0.8885135135135135,0.831081081081081,0.7668918918918919
BSND,13,9,4,1.0,1.0,1.0
C1GALT1C1,12,6,6,0.888888888888889,0.9166666666666667,0.7777777777777778
C1QBP,11,4,7,1.0,1.0,1.0
C2CD3,74,7,67,0.9402985074626865,0.9232409381663113,0.9232409381663114
C3,18,11,7,0.7402597402597403,0.7662337662337662,0.6883116883116883
CA2,8,5,3,0.6666666666666667,0.7333333333333334,0.6666666666666667
CACNA1A,63,51,12,0.9852941176470589,0.8937908496732027,0.9281045751633987
CACNA1D,12,8,4,1.0,1.0,0.78125
CACNA1E,370,30,340,0.9005882352941177,0.9131372549019607,0.9414705882352942
CACNA1F,18,5,13,0.9384615384615385,0.8923076923076922,0.8307692307692307
CACNA1G,128,28,100,0.9892857142857143,0.9846428571428572,0.9860714285714286
CACNA1H,318,7,311,0.7459807073954984,0.7540192926045016,0.7037207165824528
CACNA1I,32,5,27,0.9777777777777779,0.9703703703703703,0.925925925925926
CACNA1S,89,20,69,0.8891304347826087,0.9572463768115942,0.9043478260869565
CAMK2B,85,10,75,0.9826666666666667,1.0,0.976
CAMTA1,72,10,62,0.9467741935483871,0.9854838709677419,0.9709677419354839
CANT1,22,15,7,1.0,0.9904761904761905,0.9714285714285715
CAPN1,14,5,9,0.9111111111111112,0.9333333333333333,0.9555555555555556
CAPN15,27,5,22,1.0,1.0,1.0
CAPN3,136,125,11,0.8465454545454545,0.9680000000000001,0.92
CAPN5,23,4,19,0.9342105263157894,0.9342105263157894,0.9210526315789473
CARD11,114,14,100,1.0,0.9964285714285714,0.9985714285714286
CARD14,52,11,41,0.9268292682926829,0.9844789356984479,0.9445676274944568
CARMIL2,23,5,18,1.0,1.0,0.9444444444444444
CASK,43,27,16,0.9467592592592592,0.9375,0.9166666666666666
CASQ1,11,3,8,0.4583333333333333,0.5833333333333333,0.5416666666666666
CASQ2,17,9,8,0.9583333333333334,0.9583333333333333,0.8888888888888888
CASR,76,71,5,0.8845070422535211,0.9507042253521126,0.8901408450704226
CAV3,18,15,3,0.9111111111111112,0.9333333333333333,0.9555555555555556
CBL,40,18,22,0.9974747474747475,0.9873737373737373,0.9848484848484848
CBS,113,108,5,0.9870370370370372,0.9962962962962963,0.9833333333333334
CC2D2A,59,37,22,0.9533169533169532,0.9361179361179361,0.9766584766584767
CCBE1,11,5,6,1.0,1.0,0.8666666666666667
CCDC22,20,3,17,0.8235294117647058,0.9019607843137254,0.9411764705882353
CCDC88C,65,3,62,0.967741935483871,0.9086021505376344,0.9247311827956989
CCIN,8,4,4,1.0,1.0,1.0
CCNB3,25,5,20,0.9299999999999999,0.97,0.87
CCND2,12,8,4,1.0,1.0,1.0
CCNF,23,3,20,1.0,0.9833333333333333,0.7666666666666666
CCR2,6,3,3,1.0,1.0,1.0
CD40,6,3,3,0.888888888888889,1.0,1.0
CD40LG,41,27,14,0.9973544973544974,0.9920634920634921,0.9576719576719577
CDAN1,29,11,18,0.9595959595959596,0.9797979797979798,0.9393939393939394
CDC14A,12,4,8,1.0,1.0,1.0
CDC42BPB,67,14,53,0.9150943396226415,0.9460916442048517,0.8342318059299192
CDC73,10,7,3,1.0,1.0,1.0
CDH1,179,22,157,0.8844817602779387,0.7947307469600463,0.8242617255356108
CDH11,21,8,13,0.9903846153846154,1.0,0.9615384615384615
CDH2,26,14,12,0.8690476190476191,0.869047619047619,0.8571428571428572
CDH23,131,77,54,0.8472823472823473,0.9610389610389611,0.9543049543049542
CDH3,16,7,9,0.9841269841269841,0.9841269841269841,0.9682539682539681
CDHR1,27,4,23,0.8695652173913044,0.7934782608695652,0.8695652173913043
CDK10,8,3,5,0.8,0.8666666666666667,0.8666666666666667
CDK13,160,42,118,0.9622679580306699,0.9677158999192897,0.9602502017756255
CDK8,22,19,3,0.8771929824561404,0.9649122807017545,0.912280701754386
CDKL5,197,119,78,0.9881491057961647,0.9922430510665803,0.9881491057961646
CDKN2A,49,36,13,1.0,0.9978632478632479,0.8931623931623931
CDON,43,4,39,0.782051282051282,0.6923076923076923,0.7115384615384616
CDT1,24,3,21,0.8095238095238095,0.9047619047619047,0.6666666666666667
CEACAM16,17,6,11,0.7727272727272727,0.5,0.5303030303030303
CEBPA,30,7,23,0.8944099378881988,0.8695652173913044,0.9565217391304348
CELA2A,8,3,5,0.8666666666666667,0.8666666666666667,0.9333333333333333
CELSR3,54,13,41,0.8592870544090055,0.8076923076923077,0.8142589118198874
CEP120,23,5,18,0.8666666666666667,0.9444444444444444,0.9666666666666667
CEP290,38,14,24,0.875,0.8363095238095238,0.8184523809523809
CEP76,12,8,4,0.875,0.875,0.90625
CEP78,10,4,6,0.7916666666666667,0.9583333333333334,0.8333333333333334
CEP83,14,3,11,1.0,1.0,1.0
CERKL,18,12,6,0.9305555555555556,0.9305555555555556,0.8333333333333334
CERS3,21,4,17,1.0,1.0,0.9852941176470588
CFAP410,17,7,10,0.9571428571428572,1.0,1.0
CFAP43,24,4,20,0.9375,1.0,1.0
CFAP54,8,4,4,1.0,0.9375,0.75
CFAP61,17,4,13,1.0,0.9615384615384616,0.9615384615384616
CFAP74,22,6,16,0.8229166666666667,0.8958333333333334,0.9166666666666666
CFB,17,7,10,0.9142857142857144,0.9357142857142857,0.9142857142857143
CFI,47,37,10,0.927027027027027,0.9162162162162163,0.9108108108108108
CFP,13,3,10,0.9666666666666667,1.0,1.0
CFTR,294,278,16,0.9946043165467626,0.9826888489208634,0.9808902877697842
CHAT,57,30,27,0.9790123456790123,0.9456790123456791,0.9777777777777779
CHCHD10,10,4,6,0.8333333333333334,0.8333333333333334,0.75
CHD1,22,4,18,0.875,0.8888888888888888,0.7916666666666667
CHD2,145,71,74,0.9440426341834792,0.9368100494861058,0.9415683288922725
CHD4,86,57,29,0.9509981851179672,0.9758015728977616,0.9751966122202056
CHD7,404,88,316,0.9506976409666282,0.9467958860759494,0.9363132911392403
CHD8,144,35,109,0.9758846657929228,0.966186107470511,0.9601572739187417
CHM,37,10,27,0.9074074074074074,0.9185185185185185,0.8555555555555556
CHMP2B,6,3,3,0.6666666666666667,0.7777777777777779,1.0
CHRNA2,51,3,48,0.9236111111111112,0.9305555555555557,0.9444444444444444
CHRNA4,80,6,74,0.981981981981982,0.9842342342342343,1.0
CHRNB1,8,5,3,1.0,1.0,1.0
CHRNB2,19,5,14,0.8285714285714285,0.7428571428571429,0.8857142857142858
CHRND,15,12,3,0.9166666666666667,0.9444444444444444,0.8055555555555556
CHRNE,50,43,7,0.9202657807308969,0.9202657807308969,0.9069767441860465
CHRNG,14,7,7,1.0,0.9591836734693878,0.979591836734694
CHST14,18,7,11,1.0,1.0,1.0
CHST3,34,24,10,1.0,1.0,0.9875
CHST6,28,25,3,1.0,1.0,0.7466666666666666
CIT,18,6,12,0.986111111111111,1.0,1.0
CLCN1,131,117,14,0.9505494505494505,0.9700854700854701,0.9682539682539681
CLCN2,27,8,19,0.9539473684210527,0.9736842105263158,0.993421052631579
CLCN4,54,34,20,0.9073529411764705,0.9426470588235294,0.9044117647058824
CLCN7,58,39,19,0.9838056680161944,0.9662618083670714,0.9784075573549258
CLCNKB,48,23,25,0.9843478260869566,0.9930434782608696,0.9652173913043478
CLN3,27,23,4,1.0,0.9347826086956521,0.8695652173913043
CLN6,27,23,4,0.967391304347826,1.0,0.8152173913043478
CLN8,29,25,4,0.83,0.88,0.79
CMPK2,10,3,7,1.0,0.9523809523809524,1.0
CNGA3,137,122,15,0.9967213114754099,0.9983606557377049,0.9967213114754099
CNGB1,41,11,30,0.9848484848484849,0.9727272727272727,0.9515151515151514
CNGB3,38,15,23,0.8840579710144928,0.8550724637681161,0.7536231884057971
CNKSR2,13,3,10,0.9666666666666667,1.0,1.0
CNNM2,25,18,7,0.8333333333333334,0.880952380952381,0.873015873015873
CNNM4,17,13,4,1.0,1.0,1.0
CNOT1,20,7,13,1.0,1.0,0.967032967032967
CNOT3,33,14,19,0.9924812030075187,1.0,0.9699248120300752
CNP,9,4,5,0.35,0.8500000000000001,1.0
CNTNAP1,12,6,6,1.0,1.0,1.0
COG7,11,5,6,1.0,0.9333333333333333,0.9333333333333333
COL10A1,49,25,24,0.8766666666666666,0.8316666666666667,0.8566666666666667
COL11A1,230,45,185,0.9448648648648649,0.9542342342342343,0.9786186186186185
COL12A1,138,13,125,0.9440000000000001,0.9686153846153847,0.9821538461538462
COL17A1,54,12,42,0.8968253968253969,0.8670634920634921,0.8690476190476191
COL1A2,564,550,14,0.9994805194805195,0.9993506493506494,0.999090909090909
COL25A1,8,3,5,1.0,0.8666666666666667,1.0
COL27A1,78,6,72,1.0,0.9953703703703703,1.0
COL2A1,602,474,128,0.9621654140295359,0.9761092431434599,0.9801391086497891
COL3A1,587,567,20,0.9974426807760142,0.9988536155202822,0.9992063492063492
COL4A1,287,258,29,0.9561614541566426,0.9869018978882651,0.9953221063886661
COL4A2,98,29,69,0.9880059970014993,0.9880059970014993,1.0
COL4A3,417,366,51,0.9913211186113791,0.9949105325190185,0.9974820529304619
COL4A4,325,276,49,0.9667258207630879,0.992309967465247,0.985876959479444
COL4A5,726,643,83,0.9915868762764901,0.9905844216680095,0.9937042103093555
COL5A1,246,41,205,0.9568114217727544,0.9341463414634147,0.9237358715050565
COL5A2,103,22,81,0.9635241301907969,0.9747474747474748,0.9870931537598204
COL6A1,166,52,114,0.9321862348178137,0.9267881241565452,0.951923076923077
COL6A2,126,64,62,0.9813508064516129,0.988407258064516,0.9621975806451613
COL6A3,227,33,194,0.9561074664167448,0.9649328334895346,0.9598562949078414
COL7A1,511,297,214,0.9569684382768495,0.9530192894678877,0.9697599043393436
COLGALT1,7,4,3,0.9166666666666667,1.0,1.0
COLQ,23,18,5,0.8333333333333333,0.8666666666666666,0.8
COMP,154,143,11,0.8874761602034329,0.880483153210426,0.7984742530197075
COPA,25,6,19,0.9736842105263158,0.9298245614035088,0.7631578947368421
COQ4,21,14,7,0.9693877551020409,0.8877551020408164,0.9183673469387754
COQ6,13,5,8,0.9,0.95,0.9
COQ7,14,7,7,0.9591836734693877,0.7142857142857143,0.8163265306122449
COQ8A,42,31,11,1.0,1.0,0.9706744868035191
COQ8B,21,12,9,1.0,0.9722222222222222,1.0
COX10,14,7,7,0.979591836734694,1.0,0.979591836734694
COX15,6,3,3,1.0,1.0,1.0
CPA1,33,3,30,1.0,1.0,1.0
CPLANE1,61,22,39,0.9662004662004662,0.9533799533799534,0.9988344988344988
CPOX,19,9,10,0.9666666666666668,0.9777777777777779,0.9555555555555556
CPT1A,40,25,15,1.0,0.9973333333333333,0.9946666666666667
CPT1C,17,3,14,0.9285714285714286,0.8333333333333333,0.9523809523809524
CPT2,40,30,10,0.9,0.8866666666666667,0.8733333333333333
CRADD,11,4,7,0.9285714285714286,0.7142857142857143,0.7857142857142857
CRB1,198,180,18,0.9478395061728395,0.9290123456790125,0.8978395061728395
CRB2,53,10,43,0.9511627906976745,0.9465116279069767,0.9604651162790697
CREBBP,307,122,185,0.9541426672574214,0.9788435976960567,0.9767390341160833
CRELD1,9,3,6,0.7777777777777778,0.9444444444444444,0.8333333333333334
CRLF1,11,7,4,0.8571428571428571,0.9285714285714286,0.8571428571428571
CRX,27,17,10,0.9705882352941176,1.0,0.9294117647058824
CRYAB,9,6,3,1.0,1.0,1.0
CRYBA4,10,5,5,1.0,1.0,1.0
CRYBB1,13,7,6,1.0,0.9523809523809524,0.7619047619047619
CRYBB2,15,12,3,1.0,1.0,1.0
CRYBB3,8,5,3,1.0,1.0,0.9333333333333333
CRYGC,9,4,5,1.0,1.0,0.9
CRYGD,15,8,7,0.5535714285714286,0.5892857142857143,0.6607142857142857
CSF1R,109,41,68,0.992467718794835,0.9949784791965567,0.9687948350071736
CSF3R,15,3,12,0.75,0.9444444444444444,0.888888888888889
CSNK2A1,54,43,11,0.9936575052854122,0.989429175475687,0.9767441860465116
CTC1,26,10,16,0.80625,0.84375,0.75
CTCF,49,39,10,0.9743589743589743,0.982051282051282,0.9538461538461538
CTLA4,32,20,12,1.0,0.9874999999999999,0.9458333333333333
CTNNB1,35,28,7,0.9285714285714286,0.9336734693877551,0.9642857142857143
CTNND1,17,4,13,0.9615384615384616,0.9615384615384616,0.923076923076923
CTNS,42,31,11,0.9560117302052785,0.9266862170087977,0.9178885630498533
CTR9,29,15,14,0.9095238095238096,0.9142857142857144,0.861904761904762
CTSC,22,18,4,0.9722222222222222,0.9861111111111112,1.0
CTSD,7,3,4,1.0,1.0,1.0
CTSF,11,4,7,1.0,1.0,1.0
CTSK,28,25,3,0.96,0.9466666666666667,1.0
CUBN,100,13,87,0.9045092838196287,0.9213085764809903,0.9018567639257294
CUL3,28,19,9,0.9064327485380117,0.9707602339181287,0.9122807017543859
CUX2,74,3,71,1.0,1.0,0.9953051643192489
CWF19L1,16,4,12,0.9375,0.8958333333333334,0.8958333333333334
CYBA,16,12,4,1.0,1.0,0.9583333333333334
CYBB,89,61,28,0.9607728337236533,0.9730679156908664,0.9115925058548009
CYFIP2,32,10,22,0.7363636363636363,0.8863636363636364,0.7863636363636364
CYLD,10,4,6,0.8333333333333333,1.0,0.875
CYP11A1,20,15,5,0.8933333333333333,0.88,0.9199999999999999
CYP11B1,65,56,9,0.9900793650793651,0.9781746031746031,0.8908730158730159
CYP11B2,38,19,19,0.961218836565097,0.9889196675900277,0.853185595567867
CYP17A1,68,60,8,1.0,0.9916666666666667,0.9875
CYP19A1,19,12,7,0.9880952380952381,1.0,0.9404761904761906
CYP1B1,57,47,10,0.925531914893617,0.9404255319148936,0.8872340425531915
CYP24A1,23,12,11,0.9924242424242424,0.9772727272727272,0.8863636363636364
CYP26B1,16,5,11,0.9818181818181818,0.9272727272727272,0.9272727272727272
CYP27A1,39,30,9,0.9333333333333333,0.9555555555555555,0.9777777777777777
CYP27B1,38,34,4,0.9632352941176471,1.0,0.9632352941176471
CYP2U1,22,14,8,0.9821428571428572,0.9107142857142857,0.9464285714285714
CYP4F22,46,27,19,0.9785575048732944,0.97270955165692,0.8791423001949318
CYP4V2,33,25,8,1.0,1.0,1.0
CYP7B1,21,17,4,0.9411764705882353,0.8970588235294118,0.8970588235294118
D2HGDH,24,12,12,0.9930555555555555,0.9444444444444444,0.9791666666666666
DARS2,26,18,8,0.9861111111111112,0.9305555555555556,0.9305555555555556
DAW1,7,3,4,1.0,1.0,1.0
DCC,33,8,25,0.7,0.735,0.6950000000000001
DCDC2,10,4,6,0.9583333333333334,0.7916666666666666,0.9166666666666667
DCHS1,62,3,59,0.9887005649717514,0.9491525423728813,0.8983050847457628
DCLRE1B,11,3,8,1.0,1.0,1.0
DCLRE1C,32,19,13,0.9838056680161943,0.9878542510121457,0.9190283400809717
DCT,9,4,5,1.0,1.0,1.0
DCTN1,43,9,34,0.9705882352941175,0.9673202614379085,0.9542483660130718
DDB1,11,6,5,0.6666666666666666,0.6666666666666666,0.5666666666666667
DDB2,8,3,5,1.0,1.0,1.0
DDC,43,36,7,0.9365079365079365,0.9642857142857142,0.9047619047619048
DDX23,12,4,8,1.0,1.0,1.0
DDX3X,132,126,6,0.966931216931217,0.9841269841269842,0.8650793650793651
DDX41,51,10,41,0.9658536585365853,0.8951219512195122,0.8512195121951219
DDX54,17,3,14,0.7857142857142856,0.6904761904761905,0.5714285714285714
DDX6,12,8,4,1.0,1.0,0.96875
DEAF1,64,48,16,0.98046875,0.9908854166666666,1.0
DEGS1,14,7,7,0.8775510204081632,0.8367346938775511,0.7959183673469388
DEPDC5,32,4,28,0.9375,0.8928571428571428,0.9642857142857143
DES,48,45,3,0.9925925925925927,1.0,0.962962962962963
DGAT1,12,6,6,1.0,1.0,1.0
DGKE,14,11,3,1.0,0.9696969696969697,0.9696969696969697
DHCR7,124,117,7,0.9938949938949939,0.9987789987789988,0.9621489621489622
DHODH,15,7,8,0.9821428571428571,0.9821428571428571,0.8571428571428571
DHX16,13,6,7,0.8571428571428572,1.0,1.0
DHX30,43,11,32,0.9886363636363636,0.9857954545454546,0.9375
DHX37,45,12,33,0.9090909090909091,0.9318181818181819,0.9242424242424242
DHX38,16,3,13,0.9743589743589745,1.0,1.0
DHX9,8,5,3,0.6666666666666667,0.9333333333333333,0.8
DICER1,105,37,68,0.9852941176470589,0.9789348171701113,0.9761526232114468
DKC1,28,23,5,0.7217391304347827,0.8782608695652174,0.5130434782608696
DLD,20,16,4,1.0,0.984375,0.921875
DLL1,28,4,24,1.0,0.90625,0.9791666666666666
DLL4,33,17,16,0.9852941176470589,0.9852941176470589,0.9669117647058824
DLX5,8,5,3,1.0,1.0,1.0
DMRT1,11,6,5,0.8666666666666667,1.0,0.8333333333333334
DNA2,19,4,15,0.8666666666666667,0.9333333333333333,1.0
DNAAF1,33,3,30,0.9888888888888889,0.9666666666666667,0.9777777777777777
DNAAF4,8,3,5,1.0,0.7333333333333333,0.8666666666666667
DNAAF5,33,3,30,0.9888888888888889,1.0,0.9777777777777777
DNAH11,1073,23,1050,0.8385093167701864,0.8918840579710146,0.8582608695652174
DNAH17,102,5,97,0.911340206185567,0.9649484536082475,0.9546391752577319
DNAH2,69,4,65,0.8807692307692307,0.9384615384615385,0.926923076923077
DNAH5,447,42,405,0.9082304526748971,0.9192533803644914,0.8934156378600823
DNAH7,68,3,65,0.8358974358974358,0.8205128205128205,0.6307692307692307
DNAH9,91,5,86,0.927906976744186,0.9790697674418605,0.9813953488372092
DNAI2,20,4,16,0.984375,1.0,0.84375
DNAJB11,8,3,5,1.0,0.9333333333333333,0.8666666666666667
DNAJB6,14,10,4,1.0,1.0,1.0
DNASE2,7,3,4,1.0,1.0,1.0
DNHD1,124,4,120,0.975,0.9062499999999999,0.8166666666666668
DNM1,85,47,38,0.9115341545352743,0.9322508398656215,0.8924972004479284
DNM2,51,30,21,0.8539682539682539,0.9158730158730157,0.8746031746031746
DNMT3A,77,66,11,0.9931129476584022,0.990358126721763,0.9820936639118457
DNMT3B,28,19,9,1.0,1.0,1.0
DOCK11,15,9,6,0.8518518518518519,0.888888888888889,0.7962962962962963
DOCK4,14,3,11,0.7878787878787878,0.9090909090909091,0.8181818181818181
DOK7,30,10,20,0.9450000000000001,0.975,0.95
DOLK,13,8,5,1.0,1.0,0.925
DONSON,19,7,12,0.9761904761904763,0.9761904761904763,0.9642857142857142
DOT1L,43,8,35,0.9857142857142857,0.9857142857142857,0.9500000000000001
DPY19L2,13,4,9,1.0,1.0,1.0
DPYD,14,9,5,1.0,0.9333333333333333,0.8888888888888888
DPYS,16,12,4,1.0,1.0,1.0
DSG2,47,7,40,0.9035714285714286,0.9607142857142856,0.9571428571428572
DSG4,17,4,13,0.9615384615384616,1.0,0.9615384615384616
DSP,145,22,123,0.8743532889874354,0.9360679970436068,0.8732446415373244
DSPP,61,6,55,0.9848484848484849,0.9303030303030303,1.0
DTYMK,8,3,5,1.0,1.0,0.9333333333333333
DUOX2,49,16,33,0.9412878787878788,0.9005681818181818,0.9261363636363638
DUOXA2,9,4,5,0.9500000000000001,0.85,0.85
DYM,7,4,3,0.9166666666666667,0.8333333333333334,0.75
DYNC1H1,395,150,245,0.933061224489796,0.9714557823129251,0.9104489795918368
DYNC2H1,94,66,28,0.9420995670995671,0.8939393939393939,0.9312770562770563
DYSF,17,13,4,0.7307692307692308,0.75,1.0
EARS2,21,15,6,0.9888888888888889,0.9444444444444445,1.0
EBF3,49,44,5,0.7954545454545454,0.9727272727272727,0.8045454545454546
EBP,42,30,12,1.0,0.9944444444444445,1.0
ECE1,12,4,8,1.0,0.8125,0.9375
ECEL1,28,14,14,0.9234693877551019,0.9081632653061223,0.903061224489796
ECHS1,47,42,5,0.9714285714285715,0.8238095238095238,0.8666666666666667
EDA,150,128,22,0.8828125,0.9133522727272727,0.9367897727272727
EDAR,44,38,6,0.7807017543859649,0.9035087719298246,0.7675438596491229
EDEM3,6,3,3,0.6666666666666667,0.7777777777777778,0.6666666666666667
EDN1,7,3,4,1.0,1.0,0.9166666666666666
EED,13,10,3,0.9666666666666668,1.0,1.0
EEF1A2,52,41,11,0.6496674057649667,0.9600886917960089,0.6651884700665188
EFEMP1,7,4,3,0.9166666666666667,1.0,0.8333333333333334
EFEMP2,18,13,5,0.9384615384615385,0.8769230769230769,0.8
EFL1,19,3,16,0.8958333333333334,0.9166666666666666,0.9791666666666666
EFNB1,27,21,6,1.0,0.9920634920634921,0.9682539682539683
EFTUD2,39,25,14,0.9914285714285715,0.9914285714285713,0.96
EGFR,64,16,48,0.97265625,0.98828125,0.9440104166666665
EGR2,21,18,3,1.0,1.0,1.0
EHMT1,370,30,340,0.9776470588235294,0.9748039215686275,0.9805882352941176
EIF2AK3,18,6,12,1.0,1.0,0.9444444444444445
EIF2AK4,37,9,28,1.0,1.0,0.9722222222222223
EIF2B2,16,13,3,1.0,1.0,1.0
EIF2B3,16,13,3,0.9230769230769231,0.8974358974358975,0.9487179487179488
EIF2B5,60,53,7,0.9703504043126685,0.9757412398921832,0.9730458221024259
ELAC2,21,9,12,1.0,0.962962962962963,0.9537037037037037
ELANE,87,65,22,0.9566433566433566,0.9279720279720279,0.8741258741258742
ELN,21,8,13,0.9230769230769231,0.7307692307692308,0.625
ELOVL4,8,5,3,1.0,0.9333333333333333,1.0
ELP1,21,3,18,1.0,1.0,1.0
EMC1,25,9,16,0.9097222222222222,0.8472222222222222,0.8402777777777778
EMD,17,6,11,0.8484848484848484,0.803030303030303,0.7727272727272727
ENG,200,92,108,0.9241143317230274,0.9248188405797102,0.9180756843800322
ENPP1,33,28,5,0.9714285714285715,0.8857142857142857,0.9357142857142857
EOGT,10,3,7,1.0,1.0,1.0
EP300,304,45,259,0.9168597168597169,0.9241527241527241,0.9353925353925353
EPAS1,49,8,41,0.9847560975609756,1.0,0.9115853658536586
EPB41,10,4,6,0.9166666666666667,0.875,0.875
EPCAM,30,4,26,1.0,0.9230769230769231,0.9615384615384616
EPG5,52,8,44,0.8295454545454546,0.8011363636363636,0.7897727272727273
EPHA2,25,4,21,0.9166666666666667,0.9761904761904762,0.8214285714285714
EPHB4,100,20,80,0.98875,1.0,0.9693750000000001
ERBB2,30,11,19,0.6985645933014354,0.7799043062200958,0.8851674641148325
ERBB3,22,7,15,0.9142857142857144,0.9904761904761905,0.9619047619047619
ERBB4,11,3,8,0.8333333333333333,0.8333333333333333,0.75
ERCC2,31,24,7,0.9880952380952381,1.0,0.9642857142857143
ERCC3,9,3,6,0.888888888888889,0.7777777777777778,0.888888888888889
ERCC4,15,7,8,0.9464285714285714,1.0,0.9464285714285714
ERCC5,22,10,12,1.0,1.0,0.9916666666666666
ERF,20,6,14,0.9880952380952381,0.9523809523809523,0.9523809523809523
ERI1,10,6,4,1.0,1.0,1.0
ERLEC1,7,4,3,0.8333333333333334,0.8333333333333334,0.5833333333333333
ESCO2,13,3,10,1.0,1.0,1.0
ESPN,23,3,20,0.8666666666666667,0.75,0.5
ETFA,11,8,3,0.875,0.875,0.9166666666666667
ETFDH,103,98,5,0.9938775510204082,0.9959183673469388,0.9897959183673469
ETHE1,23,20,3,0.9166666666666666,0.9,0.8833333333333334
ETV6,50,11,39,0.9020979020979022,0.951048951048951,0.9836829836829837
EVC,47,7,40,0.9714285714285714,0.8714285714285714,0.9571428571428572
EVC2,39,3,36,0.9814814814814814,0.9907407407407407,0.9166666666666666
EXOSC3,20,16,4,1.0,0.859375,0.984375
EXOSC5,6,3,3,1.0,1.0,1.0
EXOSC9,7,3,4,1.0,1.0,1.0
EXT1,60,46,14,0.9875776397515528,0.9860248447204969,0.9875776397515528
EYA1,36,19,17,0.9318885448916407,0.9102167182662539,0.9195046439628483
EYS,77,25,52,0.9207692307692308,0.9188461538461539,0.7823076923076923
EZH2,27,9,18,0.9197530864197531,0.9753086419753086,0.9135802469135802
F10,35,29,6,0.896551724137931,0.9540229885057472,0.942528735632184
F11,73,65,8,0.9192307692307692,0.9673076923076923,0.8865384615384615
F12,18,5,13,0.8307692307692307,0.9692307692307693,0.8769230769230769
F2,28,23,5,0.9826086956521739,0.9652173913043479,0.9826086956521739
F5,62,17,45,0.918954248366013,0.9516339869281046,0.9477124183006536
F8,420,382,38,0.9793331496279968,0.9810553871589971,0.9880132267842381
F9,224,202,22,0.9324932493249326,0.9466696669666966,0.9007650765076507
FA2H,31,23,8,0.9510869565217391,0.9456521739130435,0.9402173913043479
FAH,40,36,4,0.9444444444444444,0.8958333333333333,0.736111111111111
FAM111A,49,8,41,0.6890243902439024,0.573170731707317,0.7804878048780488
FAM111B,24,6,18,1.0,0.9444444444444444,0.9537037037037036
FAM20A,16,3,13,0.9743589743589745,0.9743589743589745,0.9487179487179487
FAM20C,28,13,15,1.0,1.0,1.0
FAM50A,7,4,3,1.0,1.0,1.0
FANCA,173,85,88,0.9741978609625668,0.9502673796791444,0.9576203208556151
FANCB,48,3,45,0.9925925925925926,1.0,1.0
FANCC,34,5,29,0.9862068965517242,0.9103448275862069,0.9448275862068964
FANCD2,23,7,16,0.9553571428571428,0.8705357142857143,0.9107142857142857
FANCF,10,3,7,1.0,1.0,1.0
FANCG,37,11,26,0.9615384615384616,0.9195804195804196,0.9440559440559441
FANCI,30,7,23,0.8757763975155279,0.8509316770186335,0.9192546583850931
FARS2,37,26,11,0.986013986013986,0.9825174825174825,0.951048951048951
FARSA,9,4,5,1.0,0.9500000000000001,0.9500000000000001
FARSB,15,8,7,0.9285714285714286,0.9285714285714286,0.8571428571428572
FAS,43,37,6,0.8873873873873875,0.936936936936937,0.6126126126126127
FASTKD2,21,3,18,1.0,1.0,1.0
FASTKD5,12,3,9,1.0,1.0,1.0
FAT1,124,5,119,0.7109243697478991,0.6605042016806723,0.6823529411764706
FBN2,289,86,203,0.9749112154886012,0.9687822201855883,0.9773742696757933
FBP1,20,14,6,1.0,0.9880952380952381,1.0
FBXO11,129,63,66,0.8686868686868686,0.9420394420394421,0.9016354016354016
FBXO7,19,6,13,0.9743589743589743,0.9358974358974359,1.0
FBXW7,19,13,6,1.0,1.0,0.9871794871794872
FGA,20,12,8,0.9583333333333334,0.9895833333333334,0.8229166666666666
FGB,14,8,6,0.9375,1.0,0.9375
FGD1,46,12,34,0.9534313725490197,0.9779411764705882,0.9362745098039216
FGF23,14,11,3,1.0,1.0,0.9696969696969697
FGFR2,31,23,8,0.9945652173913043,1.0,1.0
FGFR3,27,11,16,0.9715909090909091,0.9943181818181818,0.9829545454545454
FGG,20,16,4,1.0,1.0,1.0
FH,167,161,6,0.9958592132505176,0.9979296066252589,0.9927536231884059
FIG4,12,7,5,0.8857142857142857,0.8,0.7428571428571429
FKBP10,12,9,3,0.888888888888889,0.7407407407407408,0.7777777777777778
FKTN,16,12,4,1.0,1.0,1.0
FLCN,28,16,12,0.9635416666666666,0.96875,0.9791666666666667
FLNA,266,47,219,0.9138249295637813,0.9036238220149616,0.8997376858058876
FLNB,113,31,82,0.9838709677419355,0.966168371361133,0.9799370574350905
FLNC,124,27,97,0.8934707903780069,0.9060710194730813,0.8827796869033983
FLT3,29,8,21,1.0,1.0,0.994047619047619
FLT4,75,33,42,0.994949494949495,0.9992784992784992,0.9682539682539684
FLVCR1,21,17,4,1.0,1.0,0.8970588235294117
FLVCR2,15,6,9,0.9444444444444444,0.9259259259259259,0.9259259259259259
FMO3,38,24,14,0.925595238095238,0.9047619047619047,0.9196428571428572
FMR1,19,5,14,0.9142857142857143,0.9571428571428571,0.9142857142857143
FN1,62,16,46,0.9850543478260869,0.9877717391304348,0.9959239130434783
FOLR1,10,6,4,1.0,0.9166666666666667,0.9166666666666667
FOXC1,41,34,7,0.9873949579831932,0.9747899159663864,0.9747899159663865
FOXC2,9,5,4,0.8,0.7,0.9
FOXE3,23,11,12,0.9696969696969696,0.9924242424242424,0.9772727272727273
FOXF1,36,25,11,0.9927272727272727,0.9854545454545454,0.9927272727272727
FOXG1,172,98,74,0.9873138444567017,0.9950358521787093,0.9873138444567017
FOXH1,12,6,6,0.9444444444444444,0.888888888888889,0.8611111111111112
FOXI1,7,4,3,0.9166666666666667,0.9166666666666667,0.9166666666666667
FOXI3,15,7,8,0.7142857142857142,0.9821428571428571,0.8571428571428571
FOXL2,39,36,3,0.9259259259259259,0.9629629629629629,0.9537037037037036
FOXN1,21,7,14,0.9591836734693878,0.9591836734693877,0.8877551020408163
FOXP1,63,27,36,0.9609053497942387,0.9516460905349794,0.9516460905349794
FOXP2,6,3,3,0.7777777777777778,0.7777777777777779,0.4444444444444445
FOXP3,47,24,23,0.9148550724637681,0.9311594202898551,0.8985507246376812
FOXRED1,11,7,4,0.8571428571428572,0.8214285714285714,0.8928571428571428
FREM1,47,4,43,0.9127906976744186,0.930232558139535,0.8662790697674418
FRMD5,8,5,3,1.0,1.0,0.9333333333333333
FRMD7,36,17,19,0.9535603715170279,0.9473684210526316,0.8885448916408669
FSIP2,149,5,144,0.9111111111111112,0.8694444444444445,0.8861111111111111
FTSJ1,13,4,9,0.8055555555555556,0.8888888888888888,0.8611111111111112
FUCA1,27,8,19,1.0,1.0,0.993421052631579
FUS,28,22,6,0.9242424242424242,0.9280303030303031,0.9848484848484849
FUT1,7,3,4,1.0,1.0,1.0
FXN,11,6,5,1.0,1.0,1.0
FZD2,14,4,10,1.0,1.0,1.0
FZD4,29,22,7,0.9805194805194805,1.0,1.0
G6PC3,19,13,6,1.0,1.0,1.0
G6PD,156,152,4,0.9786184210526315,0.888157894736842,0.9868421052631579
GAA,264,242,22,0.9543576258452292,0.9701352366641622,0.9611194590533434
GABBR1,11,8,3,1.0,0.9166666666666667,1.0
GABBR2,90,15,75,0.9208888888888889,0.8604444444444446,0.896
GABRA1,77,61,16,0.8135245901639343,0.8575819672131149,0.8463114754098361
GABRA2,28,18,10,0.8111111111111111,0.8444444444444443,0.8833333333333333
GABRA3,8,4,4,0.9375,0.9375,1.0
GABRA5,12,5,7,0.7714285714285714,0.8857142857142857,0.8571428571428572
GABRB1,8,5,3,1.0,1.0,0.7333333333333334
GABRB2,109,59,50,0.9555932203389831,0.9633898305084746,0.964406779661017
GABRB3,93,74,19,0.9864864864864865,0.9907539118065434,0.9715504978662874
GABRD,10,3,7,0.8095238095238095,0.9047619047619049,0.9047619047619048
GABRG2,26,18,8,1.0,1.0,0.9097222222222222
GAD1,7,3,4,1.0,0.9166666666666666,0.9166666666666666
GALC,113,102,11,0.9527629233511586,0.8952762923351159,0.894830659536542
GALK1,17,14,3,1.0,0.9761904761904763,1.0
GALNS,119,109,10,0.9174311926605504,0.928440366972477,0.9238532110091744
GALNT2,7,4,3,1.0,1.0,1.0
GALNT3,17,14,3,1.0,1.0,1.0
GAMT,47,39,8,0.9038461538461539,0.9166666666666666,0.8974358974358975
GATA1,40,15,25,0.9573333333333334,0.9706666666666666,0.9279999999999999
GATA2,51,40,11,0.9977272727272727,1.0,0.9954545454545454
GATA3,6,3,3,1.0,1.0,1.0
GATA4,11,6,5,0.8666666666666667,0.9666666666666668,0.9
GATA5,14,4,10,0.925,0.9750000000000001,0.925
GATA6,18,12,6,0.8611111111111112,0.9444444444444444,0.9861111111111112
GATAD2B,15,7,8,0.875,0.8928571428571428,0.9107142857142857
GATM,15,9,6,1.0,1.0,0.962962962962963
GBA2,16,8,8,1.0,1.0,0.984375
GBE1,43,31,12,0.978494623655914,1.0,0.9650537634408601
GCDH,184,179,5,0.8603351955307262,0.9195530726256983,0.794413407821229
GCM2,20,7,13,0.9010989010989011,0.8241758241758242,0.8351648351648352
GCNT2,9,5,4,0.9,0.85,0.75
GCSH,7,4,3,1.0,1.0,1.0
GDF1,9,5,4,1.0,1.0,1.0
GDI1,6,3,3,0.7777777777777778,1.0,1.0
GEMIN5,33,10,23,0.9565217391304348,0.9782608695652174,0.9565217391304348
GFAP,79,65,14,0.9351648351648352,0.9725274725274725,0.8989010989010989
GFER,8,4,4,1.0,1.0,1.0
GFI1B,18,5,13,0.9538461538461539,0.9846153846153847,1.0
GFM1,13,5,8,1.0,1.0,0.85
GGCX,24,17,7,1.0,1.0,1.0
GH1,18,12,6,0.7222222222222222,0.7638888888888888,0.763888888888889
GHRHR,25,14,11,1.0,1.0,1.0
GJA3,41,32,9,1.0,1.0,1.0
GJA8,62,47,15,0.9914893617021276,0.9943262411347518,0.9787234042553192
GJB1,159,156,3,1.0,1.0,1.0
GJB2,153,144,9,0.9583333333333333,0.9197530864197532,0.9575617283950617
GJB3,15,10,5,0.6599999999999999,0.64,0.5
GJB4,17,4,13,0.596153846153846,0.7692307692307692,0.5769230769230769
GJB6,12,6,6,0.9166666666666667,0.9722222222222223,0.888888888888889
GJC2,23,19,4,0.7894736842105263,0.9210526315789473,0.8026315789473684
GK,9,5,4,0.9,1.0,0.9
GLA,569,563,6,0.9550029603315571,0.9782415630550623,0.9428656009473061
GLDC,167,150,17,0.9639215686274509,0.9780392156862746,0.9431372549019608
GLDN,24,10,14,0.9714285714285715,0.9928571428571429,0.9928571428571429
GLE1,15,8,7,1.0,0.9642857142857143,0.9285714285714286
GLI3,152,11,141,0.9580915538362347,0.9393939393939393,0.9335912314635719
GLRA1,39,35,4,1.0,0.9857142857142858,0.9571428571428571
GLRA2,16,10,6,0.8833333333333334,0.8666666666666667,0.9333333333333333
GLS,15,8,7,0.9821428571428572,0.9464285714285714,0.9821428571428572
GLUD1,23,14,9,0.8412698412698414,0.8253968253968254,0.7222222222222222
GM2A,13,4,9,1.0,1.0,1.0
GNAI1,23,18,5,1.0,0.9888888888888889,1.0
GNAI3,11,7,4,1.0,1.0,1.0
GNAO1,89,72,17,0.9828431372549019,0.9983660130718954,0.9240196078431372
GNAT2,8,4,4,1.0,1.0,0.9375
GNB1,56,39,17,0.8672699849170438,0.9049773755656108,0.8582202111613877
GNB2,15,12,3,1.0,1.0,1.0
GNB4,15,6,9,1.0,0.9814814814814814,0.8148148148148149
GNPTAB,52,37,15,0.927927927927928,0.9459459459459459,0.8810810810810812
GNPTG,13,5,8,1.0,1.0,1.0
GOSR2,9,4,5,1.0,1.0,0.9
GOT2,12,3,9,0.9629629629629629,1.0,1.0
GP1BA,41,24,17,0.9852941176470588,0.9803921568627451,0.9117647058823529
GP1BB,24,21,3,1.0,0.7777777777777778,0.7142857142857143
GP9,19,12,7,1.0,0.9642857142857143,0.9166666666666666
GPAA1,14,6,8,0.8541666666666666,0.9791666666666666,0.9791666666666666
GPC3,36,4,32,0.90625,0.90625,0.9296875
GPD1,13,4,9,0.9722222222222222,1.0,1.0
GPR143,37,25,12,0.91,0.9500000000000001,0.9
GPT2,10,4,6,1.0,1.0,1.0
GREB1L,46,20,26,0.7903846153846154,0.8057692307692308,0.7326923076923076
GRHL3,26,4,22,0.9886363636363636,0.9659090909090909,0.9772727272727273
GRHPR,29,23,6,0.9202898550724639,0.8985507246376812,0.8478260869565216
GRIA2,34,26,8,1.0,0.9903846153846154,0.9759615384615384
GRIA3,30,22,8,0.9886363636363636,1.0,1.0
GRIA4,15,9,6,0.8333333333333334,0.8888888888888888,0.8518518518518519
GRID2,11,5,6,0.9333333333333333,1.0,1.0
GRIK2,16,6,10,0.95,0.9333333333333333,0.8833333333333333
GRIN1,24,6,18,0.7407407407407407,0.9259259259259259,0.9537037037037036
GRIN2A,292,112,180,0.9627480158730158,0.9749503968253969,0.9631448412698413
GRIN2B,287,149,138,0.9104659079856045,0.9725464448983562,0.9697013909152806
GRIN2D,33,12,21,0.9126984126984128,0.9682539682539683,0.9365079365079365
GRK1,13,9,4,1.0,0.9722222222222222,0.8888888888888888
GRM1,16,4,12,0.9791666666666666,1.0,0.9375
GRM6,32,7,25,0.9657142857142856,0.9885714285714287,0.9257142857142857
GRM7,14,6,8,1.0,1.0,1.0
GRN,18,7,11,0.8701298701298701,0.974025974025974,0.7272727272727272
GRXCR1,8,3,5,1.0,1.0,0.9333333333333333
GTF3C3,12,8,4,1.0,1.0,1.0
GUCA1A,25,20,5,0.8300000000000001,0.95,0.89
GUCY2C,18,9,9,0.8395061728395061,0.9259259259259258,0.8765432098765432
GUCY2D,102,81,21,0.9911816578483245,0.982363315696649,0.9512051734273956
GUSB,36,30,6,1.0,0.9944444444444445,1.0
GYS2,26,8,18,0.9722222222222222,0.9375,0.9305555555555555
HAAO,9,4,5,1.0,1.0,1.0
HACE1,6,3,3,1.0,1.0,1.0
HADHA,29,21,8,0.9880952380952381,0.9761904761904762,0.9345238095238095
HBA2,58,40,18,0.7694444444444445,0.788888888888889,0.6444444444444445
HBB,127,108,19,0.7919103313840156,0.8343079922027291,0.7729044834307992
HBG2,11,5,6,0.6666666666666667,0.9333333333333333,0.9666666666666667
HCCS,19,4,15,1.0,1.0,0.8833333333333333
HCFC1,103,11,92,0.9318181818181819,0.9594861660079052,0.9169960474308301
HCN1,97,40,57,0.9798245614035087,0.9609649122807018,0.9618421052631578
HCN2,29,8,21,0.9583333333333334,0.9821428571428572,0.863095238095238
HCN4,42,15,27,1.0,1.0,0.9950617283950617
HDAC4,26,6,20,1.0,1.0,0.9083333333333333
HDAC8,56,39,17,0.9788838612368024,0.9924585218702865,0.9562594268476621
HEATR3,13,4,9,0.9722222222222222,1.0,0.9444444444444444
HECW2,108,33,75,0.9571717171717171,0.9692929292929293,0.9212121212121211
HEPACAM,20,10,10,0.93,1.0,1.0
HFM1,25,7,18,0.9761904761904763,0.9841269841269841,0.8492063492063492
HGD,133,127,6,0.9501312335958005,0.9527559055118111,0.973753280839895
HIBCH,24,15,9,0.7407407407407408,0.7925925925925926,0.7555555555555555
HIVEP2,284,3,281,0.8208778173190985,0.7722419928825622,0.8956109134045077
HKDC1,12,5,7,0.6000000000000001,0.48571428571428577,0.5428571428571429
HMBS,52,48,4,0.984375,0.984375,1.0
HMGCL,20,17,3,1.0,1.0,0.9607843137254902
HMGCR,8,5,3,1.0,0.8666666666666667,0.9333333333333333
HNF1B,85,80,5,0.88,0.9400000000000001,0.9450000000000001
HNRNPA1,27,19,8,0.8421052631578947,0.7368421052631579,0.631578947368421
HNRNPH2,15,10,5,0.9800000000000001,0.9800000000000001,0.7
HNRNPK,27,22,5,0.9545454545454546,0.990909090909091,0.9363636363636363
HNRNPU,106,10,96,0.9052083333333333,0.9416666666666667,0.8531249999999999
HOGA1,58,53,5,1.0,1.0,0.9622641509433962
HOXD13,13,9,4,0.9166666666666666,0.9166666666666666,0.8611111111111112
HPDL,29,23,6,1.0,0.9927536231884058,0.9927536231884058
HPGD,10,6,4,1.0,0.9166666666666667,0.7083333333333333
HPS1,24,9,15,0.962962962962963,0.962962962962963,0.9851851851851852
HPS3,12,3,9,0.9259259259259259,1.0,0.9259259259259259
HPS5,16,3,13,1.0,1.0,0.9743589743589745
HPS6,16,6,10,0.9,0.9666666666666668,0.9666666666666667
HR,37,3,34,1.0,1.0,1.0
HRAS,35,28,7,0.903061224489796,1.0,0.9948979591836735
HS2ST1,6,3,3,1.0,1.0,1.0
HSD11B2,17,10,7,1.0,1.0,1.0
HSD17B10,21,16,5,0.9625,0.9625,1.0
HSD17B3,34,28,6,0.9345238095238095,0.9583333333333334,0.9345238095238095
HSD3B2,30,23,7,0.9875776397515528,0.9440993788819877,0.9440993788819876
HSF4,17,7,10,0.9571428571428572,0.9428571428571428,0.8571428571428571
HSPA9,7,3,4,0.9166666666666666,0.75,0.75
HSPB1,24,21,3,0.9206349206349206,1.0,0.7936507936507937
HSPB8,11,6,5,0.9333333333333333,0.9333333333333333,0.7999999999999999
HSPG2,92,8,84,0.8035714285714286,0.796875,0.8601190476190476
HTRA1,24,19,5,1.0,1.0,1.0
HUWE1,158,68,90,0.9357843137254902,0.9450980392156862,0.9037581699346406
HYAL2,14,8,6,1.0,1.0,1.0
HYOU1,9,3,6,1.0,1.0,1.0
IARS2,21,6,15,0.9000000000000001,0.9111111111111111,0.9
IBA57,17,10,7,0.9857142857142858,0.8142857142857143,0.9428571428571428
IDH1,14,6,8,0.8541666666666667,0.9791666666666666,0.8958333333333334
IDH2,11,6,5,0.9,0.9666666666666668,0.9666666666666668
IDH3A,9,4,5,1.0,1.0,1.0
IDS,345,297,48,0.9638047138047138,0.9725028058361392,0.922138047138047
IDUA,124,105,19,0.9243107769423559,0.9298245614035088,0.8977443609022556
IFIH1,134,36,98,0.7568027210884354,0.7091836734693877,0.7414965986394558
IFNGR1,10,5,5,1.0,1.0,1.0
IFT140,68,21,47,0.9088145896656535,0.9402228976697061,0.9159067882472138
IFT172,24,8,16,0.8828125,0.953125,0.8984375
IFT27,9,4,5,0.9500000000000001,0.9500000000000001,1.0
IFT52,9,3,6,0.6666666666666667,0.888888888888889,1.0
IFT74,14,3,11,0.8787878787878788,0.8484848484848484,0.8181818181818181
IFT80,13,6,7,0.9523809523809524,0.9523809523809523,0.9761904761904763
IGF1R,31,21,10,0.9952380952380953,0.9952380952380953,0.9904761904761905
IGF2R,31,3,28,1.0,0.9166666666666666,0.9285714285714285
IGHMBP2,58,36,22,0.9911616161616161,0.976010101010101,0.9911616161616161
IHH,30,27,3,0.7654320987654322,0.9012345679012346,0.8641975308641976
IL10RA,22,8,14,0.9285714285714286,0.9642857142857143,0.9285714285714286
IL11RA,13,7,6,0.9523809523809524,1.0,0.9523809523809524
IL12RB1,31,7,24,0.8392857142857143,0.9285714285714286,0.9166666666666667
IL17RD,14,4,10,0.65,0.65,0.55
IL2RG,76,53,23,0.9704675963904841,0.9630844954881049,0.9376538146021329
IL7R,24,7,17,0.9159663865546217,0.9411764705882353,0.9159663865546217
ILDR1,15,3,12,1.0,1.0,0.888888888888889
IMPG2,13,7,6,1.0,1.0,1.0
INF2,185,54,131,0.9930732258976533,0.9940627650551315,0.9990104608425219
INPP5K,21,7,14,1.0,1.0,0.9897959183673469
INPPL1,13,6,7,0.9523809523809524,1.0,1.0
INSR,53,38,15,0.9508771929824562,0.9491228070175439,0.9087719298245615
IPO8,6,3,3,1.0,1.0,1.0
IQSEC2,112,28,84,0.9549319727891157,0.9732142857142857,0.9319727891156462
IRF2BPL,33,11,22,0.9421487603305785,1.0,0.9338842975206612
IRF4,27,3,24,0.8055555555555556,0.9722222222222222,0.8611111111111112
IRF6,71,61,10,0.9704918032786884,0.9885245901639343,0.9540983606557377
IRF8,7,3,4,0.9166666666666666,1.0,0.9166666666666666
IRX5,8,3,5,1.0,1.0,1.0
ITGA2B,87,77,10,0.9415584415584415,0.9753246753246753,0.9792207792207792
ITGA3,17,5,12,1.0,0.9333333333333333,0.9666666666666667
ITGB3,78,67,11,0.9199457259158751,0.9837177747625508,0.9253731343283582
ITGB4,61,19,42,0.943609022556391,0.9862155388471178,0.9360902255639099
ITGB6,13,5,8,0.875,0.875,0.8250000000000001
ITPR3,22,5,17,0.9529411764705882,0.8470588235294118,0.9647058823529412
IYD,8,3,5,1.0,0.8,0.8
JAG1,101,40,61,0.9491803278688523,0.8860655737704919,0.8782786885245901
JAK1,12,4,8,0.96875,0.96875,1.0
JAK2,20,6,14,0.9642857142857143,0.9285714285714285,0.7738095238095238
JAK3,45,23,22,0.9229249011857708,0.9545454545454546,0.7648221343873517
JAM2,6,3,3,1.0,0.5555555555555556,1.0
JAM3,11,6,5,1.0,0.9,0.9666666666666668
JPH2,24,3,21,0.9047619047619048,0.9682539682539681,0.746031746031746
KAT6A,412,18,394,0.9108855047941342,0.8998166948674562,0.8784545967287083
KAT6B,178,9,169,0.6528599605522682,0.7790927021696252,0.6166995397764629
KAT8,14,11,3,0.4242424242424243,0.7727272727272727,0.5151515151515151
KATNB1,26,4,22,0.9772727272727273,0.8863636363636365,0.9545454545454545
KCNA1,44,40,4,0.94375,1.0,1.0
KCNA2,61,49,12,0.9727891156462585,1.0,0.9744897959183674
KCNA3,21,15,6,0.888888888888889,0.8888888888888888,0.9666666666666667
KCNB1,206,85,121,0.985221195916383,0.9931939718035975,0.9867768595041323
KCNC1,17,12,5,0.9333333333333333,0.9833333333333334,0.9666666666666667
KCNC2,21,17,4,0.9117647058823529,1.0,1.0
KCNC3,27,8,19,0.881578947368421,0.8947368421052632,0.7763157894736842
KCND2,18,9,9,0.962962962962963,1.0,1.0
KCND3,36,26,10,0.95,0.9384615384615385,0.9846153846153847
KCNE1,10,7,3,0.9523809523809524,1.0,0.8571428571428571
KCNH1,94,26,68,0.8942307692307692,0.9304298642533937,0.9332579185520362
KCNH2,191,178,13,0.9468452895419187,0.9822817631806395,0.9390665514261021
KCNH5,62,11,51,0.9572192513368984,0.9839572192513368,0.9465240641711231
KCNJ2,56,52,4,1.0,1.0,0.9903846153846154
KCNJ5,15,7,8,1.0,1.0,1.0
KCNK3,14,9,5,1.0,0.9555555555555555,0.9777777777777779
KCNK4,63,6,57,0.9181286549707603,0.9122807017543859,0.8947368421052632
KCNMA1,25,18,7,1.0,1.0,1.0
KCNN3,18,4,14,0.9642857142857143,1.0,1.0
KCNN4,7,4,3,0.7500000000000001,0.9166666666666667,1.0
KCNQ1,237,223,14,0.9942344650864829,0.9974375400384369,0.9910313901345292
KCNQ2,392,378,14,0.988851095993953,0.9503023431594859,0.9913076341647771
KCNQ3,56,35,21,0.9945578231292517,0.9945578231292518,0.9972789115646259
KCNQ4,43,31,12,0.989247311827957,0.9946236559139785,0.9946236559139785
KCNQ5,36,14,22,0.8701298701298701,0.8928571428571428,0.9090909090909091
KCNT1,8,4,4,1.0,1.0,1.0
KCNT2,24,8,16,1.0,0.9765625,0.9765625
KCNV2,39,19,20,0.9657894736842105,0.968421052631579,0.8894736842105263
KDF1,13,4,9,1.0,0.9444444444444444,0.8888888888888888
KDM2B,23,13,10,1.0,1.0,1.0
KDM3B,58,15,43,0.9116279069767442,0.9534883720930233,0.910077519379845
KDM5A,14,3,11,0.9393939393939393,0.8181818181818181,0.8484848484848485
KDM5C,92,46,46,0.9948015122873346,0.9891304347826086,0.9522684310018903
KDM6A,17,7,10,0.8571428571428571,0.9142857142857144,0.9857142857142858
KDM6B,110,16,94,0.9847074468085106,0.9867021276595744,0.9534574468085106
KERA,11,7,4,1.0,1.0,1.0
KIAA0753,27,3,24,1.0,1.0,0.9444444444444444
KIF11,66,8,58,0.9525862068965517,0.9655172413793103,0.9676724137931034
KIF14,37,3,34,0.9705882352941176,0.8921568627450981,0.9705882352941176
KIF1A,136,130,6,0.8538461538461539,0.875,0.9974358974358974
KIF1C,27,8,19,0.9605263157894738,0.993421052631579,0.8289473684210527
KIF21A,33,11,22,0.8884297520661156,0.9256198347107438,0.8677685950413223
KIF22,53,8,45,0.8722222222222222,0.8722222222222222,0.8944444444444444
KIF2A,32,6,26,0.858974358974359,0.8717948717948719,0.8525641025641026
KIF4A,15,5,10,0.9199999999999999,0.9600000000000001,0.98
KIF5A,103,41,62,0.9523996852871754,0.9280094413847365,0.9590873328088119
KIF5B,8,4,4,1.0,1.0,1.0
KIF5C,21,7,14,1.0,0.9897959183673469,1.0
KIF7,27,3,24,0.8333333333333333,0.8888888888888888,0.8333333333333333
KISS1R,8,3,5,0.7333333333333333,0.6666666666666666,0.7333333333333333
KIT,53,30,23,0.9927536231884058,1.0,0.9347826086956522
KITLG,11,8,3,0.9583333333333334,0.9583333333333334,0.8333333333333334
KIZ,22,3,19,0.7192982456140351,0.9649122807017544,0.631578947368421
KLF1,19,10,9,1.0,1.0,0.9111111111111112
KLHL40,17,8,9,0.986111111111111,1.0,1.0
KMT2A,83,44,39,0.9761072261072261,0.9831002331002331,0.958041958041958
KMT2B,375,26,349,0.9234075380207185,0.9693630152082874,0.9717875247961207
KMT2C,451,19,432,0.7944688109161793,0.8675073099415205,0.8955896686159843
KMT2D,1198,109,1089,0.9201607400106151,0.9438884255398017,0.9298910708418632
KMT2E,120,9,111,0.8348348348348348,0.9039039039039038,0.8278278278278278
KPNA3,9,6,3,1.0,1.0,1.0
KRIT1,18,10,8,0.7375,0.7625000000000001,0.8625
KRT1,42,28,14,0.9744897959183674,0.9770408163265305,0.9668367346938775
KRT10,46,24,22,0.9848484848484849,0.9848484848484849,0.9829545454545454
KRT12,21,10,11,0.9090909090909091,0.8818181818181818,0.9181818181818181
KRT14,57,46,11,0.950592885375494,0.9960474308300394,0.8675889328063241
KRT16,39,16,23,0.9809782608695652,1.0,1.0
KRT17,38,15,23,0.9739130434782608,1.0,0.9913043478260869
KRT2,43,11,32,0.9886363636363636,0.9857954545454546,0.9971590909090909
KRT3,21,5,16,1.0,1.0,1.0
KRT5,88,68,20,0.924264705882353,0.9610294117647059,0.913235294117647
KRT6A,44,21,23,0.9565217391304348,0.9875776397515528,1.0
KRT6B,27,4,23,0.9891304347826088,1.0,0.9782608695652174
KRT83,27,3,24,0.9861111111111112,0.9722222222222222,1.0
KRT86,13,6,7,0.8571428571428572,1.0,1.0
KRT9,26,18,8,0.8402777777777778,0.8194444444444444,0.9930555555555556
KYNU,12,8,4,0.9375,1.0,0.96875
L1CAM,183,37,146,0.9766753054424288,0.9128100703443169,0.9374305812661978
L2HGDH,21,15,6,1.0,0.9666666666666667,1.0
LAMA2,104,24,80,0.88125,0.9286458333333334,0.8921875
LAMA5,186,8,178,0.7584269662921348,0.706811797752809,0.726123595505618
LAMB3,41,8,33,0.9318181818181818,0.8977272727272727,0.8295454545454545
LAMC2,28,3,25,0.9733333333333334,1.0,0.8933333333333333
LAMP2,23,7,16,0.9017857142857142,0.6875,0.39285714285714285
LARGE1,10,4,6,1.0,1.0,1.0
LARS2,31,22,9,0.8686868686868687,0.9343434343434343,0.9494949494949496
LAS1L,11,4,7,0.8214285714285714,1.0,0.9285714285714286
LBR,22,11,11,1.0,0.9834710743801652,1.0
LCA5,14,7,7,0.979591836734694,0.9591836734693877,0.7346938775510203
LCAT,30,20,10,0.9400000000000001,0.985,0.9450000000000001
LCK,8,3,5,1.0,1.0,1.0
LCT,21,5,16,1.0,1.0,0.9625
LDLR,741,700,41,0.9818466898954703,0.9604703832752612,0.9506620209059233
LDLRAP1,11,3,8,0.9583333333333334,0.9583333333333334,0.9166666666666666
LETM1,26,5,21,0.9904761904761904,0.9904761904761904,1.0
LFNG,8,3,5,1.0,1.0,0.8666666666666667
LGI1,19,16,3,0.7083333333333334,0.9166666666666667,1.0
LGI4,15,7,8,0.8928571428571428,0.9107142857142857,0.8571428571428572
LHCGR,38,30,8,0.9833333333333334,0.9125,1.0
LHX4,12,4,8,0.78125,0.75,0.875
LIFR,16,4,12,0.8958333333333333,0.9583333333333333,0.8333333333333334
LIG3,16,4,12,0.9791666666666666,0.9375,1.0
LIG4,30,17,13,1.0,1.0,1.0
LIPA,52,41,11,0.9866962305986696,0.9977827050997783,0.9866962305986696
LIPT1,7,4,3,0.4166666666666667,1.0,0.9166666666666667
LITAF,14,8,6,1.0,0.9375,0.8958333333333334
LMBRD2,18,10,8,0.975,0.9375,0.9875
LMNB1,18,5,13,0.9384615384615385,0.9692307692307692,0.8615384615384616
LMNB2,43,3,40,0.8833333333333333,0.8416666666666668,0.7
LMOD3,18,4,14,0.8571428571428572,0.8928571428571429,0.8392857142857143
LONP1,106,9,97,0.9003436426116839,0.9438717067583047,0.882016036655212
LOX,20,5,15,0.9866666666666667,1.0,1.0
LOXHD1,10,3,7,0.8095238095238095,1.0,0.9047619047619049
LPAR6,15,9,6,0.8333333333333334,0.8333333333333333,0.9074074074074074
LPL,78,69,9,0.9887278582930757,0.9855072463768116,0.995169082125604
LRP1,30,4,26,0.7596153846153846,0.45192307692307687,0.4326923076923077
LRP1B,59,5,54,0.4,0.5777777777777778,0.40370370370370373
LRP2,90,11,79,0.9804372842347526,0.9597238204833141,0.9585730724971231
LRP4,27,12,15,0.8722222222222222,0.9944444444444445,0.9611111111111111
LRP5,90,76,14,0.9736842105263157,0.9642857142857142,0.9727443609022557
LRP6,24,9,15,0.9111111111111111,0.9407407407407408,0.8518518518518519
LRPPRC,39,9,30,0.9592592592592593,0.9777777777777779,0.9851851851851852
LRRK2,79,9,70,0.9095238095238095,0.9142857142857143,0.8746031746031746
LRSAM1,15,5,10,1.0,1.0,1.0
LSS,40,18,22,0.9772727272727273,0.9974747474747475,0.952020202020202
LTBP2,22,3,19,0.6666666666666667,0.6666666666666667,0.543859649122807
LYST,39,7,32,0.9419642857142857,0.9776785714285714,0.9553571428571428
LYZ,13,3,10,1.0,1.0,1.0
LZTR1,50,34,16,1.0,0.9908088235294118,0.8988970588235294
MADD,13,4,9,0.8888888888888888,0.7222222222222222,0.7777777777777778
MAF,39,28,11,0.9675324675324675,0.9967532467532467,0.9448051948051948
MAFB,27,18,9,0.9567901234567902,0.9876543209876543,0.9506172839506173
MAG,13,4,9,0.8888888888888888,1.0,0.9722222222222222
MAGEL2,59,4,55,0.6818181818181819,0.5681818181818181,0.4681818181818182
MAK,17,8,9,0.9583333333333333,0.986111111111111,0.9166666666666666
MALT1,8,3,5,1.0,1.0,1.0
MAN1B1,25,6,19,1.0,1.0,1.0
MAN2B1,48,27,21,0.9753086419753088,0.9805996472663139,0.9735449735449736
MAN2B2,35,3,32,0.9375,1.0,0.9895833333333334
MANBA,15,3,12,0.9166666666666666,0.9722222222222222,1.0
MAOA,11,4,7,0.9642857142857143,0.8928571428571428,0.9285714285714286
MAP2K1,49,45,4,0.5888888888888889,0.6916666666666667,0.6388888888888888
MAP2K2,30,19,11,0.8660287081339713,0.8540669856459329,0.8181818181818181
MAP3K1,44,11,33,0.9146005509641874,0.9641873278236914,0.9063360881542699
MAP3K7,28,20,8,0.98125,0.9875,0.9375
MAPK7,6,3,3,0.6666666666666667,1.0,0.7777777777777779
MAST4,33,3,30,0.8333333333333333,0.9666666666666667,0.8666666666666667
MATN3,21,10,11,0.8727272727272727,0.8727272727272727,0.7454545454545455
MBD5,92,6,86,0.7926356589147286,0.6744186046511629,0.6550387596899225
MBTPS1,18,5,13,1.0,1.0,1.0
MBTPS2,29,15,14,1.0,1.0,0.980952380952381
MC2R,25,19,6,0.9649122807017544,0.9561403508771931,0.9385964912280702
MC4R,36,33,3,1.0,1.0,0.8686868686868686
MCCC1,41,26,15,0.9666666666666667,0.9820512820512821,0.9384615384615385
MCIDAS,8,4,4,0.8125,0.875,0.75
MCM3AP,41,6,35,0.8238095238095238,0.9238095238095239,0.8761904761904762
MCOLN1,12,7,5,0.8,0.8857142857142858,0.942857142857143
MCPH1,38,7,31,1.0,0.9769585253456221,0.9723502304147466
MDH2,10,4,6,1.0,1.0,1.0
MECP2,24,7,17,0.6218487394957983,0.6638655462184874,0.7899159663865546
MECR,11,5,6,0.9666666666666667,0.9666666666666667,1.0
MED12,132,42,90,0.9298941798941799,0.9222222222222222,0.9417989417989417
MED13,98,14,84,0.8358843537414966,0.8562925170068029,0.897108843537415
MED13L,245,45,200,0.9252222222222222,0.9081111111111111,0.9115555555555556
MED16,17,8,9,0.986111111111111,1.0,1.0
MED25,9,3,6,1.0,1.0,1.0
MEFV,18,10,8,0.7625,0.5750000000000001,0.7875
MEGF10,12,6,6,1.0,1.0,1.0
MEGF8,34,5,29,0.9379310344827587,0.9448275862068966,0.9793103448275862
MEIS2,26,15,11,1.0,1.0,1.0
MERTK,33,15,18,0.9925925925925926,1.0,0.9851851851851852
MFN2,127,122,5,1.0,0.9885245901639345,0.9852459016393442
MFRP,10,5,5,1.0,1.0,1.0
MFSD8,26,21,5,1.0,0.9809523809523809,0.8095238095238095
MID1,31,12,19,0.9736842105263158,0.9868421052631579,0.9078947368421052
MINPP1,10,4,6,0.8333333333333334,0.875,0.6666666666666666
MIP,10,6,4,1.0,1.0,1.0
MIPEP,20,3,17,1.0,0.9803921568627451,0.9607843137254902
MITF,32,26,6,1.0,1.0,1.0
MKKS,25,17,8,0.9926470588235294,0.9926470588235294,1.0
MKRN3,11,3,8,1.0,1.0,1.0
MKS1,16,13,3,0.6923076923076923,0.7435897435897436,0.7692307692307694
MLH1,221,185,36,0.9415915915915916,0.9269519519519519,0.9297297297297297
MLYCD,17,4,13,1.0,0.9038461538461537,0.923076923076923
MMAB,31,26,5,0.8846153846153846,0.8769230769230769,0.9538461538461538
MMACHC,45,40,5,0.97,0.95,0.92
MMADHC,9,3,6,1.0,1.0,1.0
MME,14,7,7,0.9387755102040816,1.0,1.0
MMP13,14,10,4,0.975,1.0,0.975
MMP2,13,6,7,1.0,0.9047619047619049,0.8333333333333334
MMP20,14,6,8,0.9375,0.9583333333333334,0.9583333333333334
MNX1,13,8,5,1.0,1.0,0.9750000000000001
MOCOS,24,3,21,1.0,1.0,0.9841269841269841
MOCS1,13,4,9,1.0,1.0,1.0
MOCS2,17,4,13,0.9615384615384616,0.9038461538461537,0.8653846153846154
MOGS,22,6,16,0.9479166666666667,1.0,1.0
MORC2,48,34,14,0.9747899159663865,1.0,0.9936974789915967
MPDU1,11,5,6,0.9,0.9333333333333333,0.9333333333333333
MPI,19,14,5,0.9571428571428571,0.9571428571428571,1.0
MPL,31,23,8,0.9619565217391304,1.0,0.9347826086956521
MPO,14,4,10,1.0,1.0,1.0
MRE11,26,4,22,1.0,0.9886363636363636,0.9772727272727273
MRPL44,8,3,5,1.0,1.0,1.0
MSH2,440,144,296,0.930954391891892,0.9141446133633634,0.9233765015015016
MSH4,10,5,5,0.92,0.84,0.88
MSH5,11,3,8,0.9583333333333334,1.0,0.8333333333333334
MSH6,150,71,79,0.9543590657871278,0.9623818862542343,0.9283294704938492
MSMO1,8,3,5,1.0,1.0,1.0
MSTO1,21,7,14,0.9183673469387755,0.9285714285714286,0.8775510204081632
MSX1,19,5,14,0.9285714285714286,0.9428571428571428,0.9142857142857144
MSX2,11,4,7,1.0,0.8571428571428572,0.7857142857142857
MTFMT,19,6,13,0.8717948717948718,0.7435897435897436,0.7307692307692307
MTM1,85,64,21,0.9776785714285714,0.9880952380952381,0.988095238095238
MTMR2,10,3,7,0.9523809523809524,1.0,1.0
MTO1,10,4,6,1.0,1.0,1.0
MTOR,330,51,279,0.897954880877082,0.9197062337479794,0.8946517675170427
MTR,25,8,17,0.9926470588235294,0.9779411764705882,0.9852941176470588
MUSK,27,12,15,0.9611111111111111,0.788888888888889,0.9722222222222223
MUTYH,9,5,4,0.35,0.15000000000000002,0.3
MYBPC3,71,37,34,0.8759936406995231,0.75516693163752,0.9165341812400637
MYCN,22,12,10,1.0,1.0,0.9833333333333334
MYH14,8,3,5,1.0,1.0,1.0
MYH2,16,5,11,0.9272727272727272,0.9454545454545454,0.9272727272727272
MYH3,63,39,24,0.9316239316239316,0.9615384615384616,0.9604700854700854
MYH6,36,8,28,0.9285714285714286,0.9330357142857143,0.9107142857142857
MYH7,400,379,21,0.9331574318381706,0.9183942706370147,0.8600326674205303
MYH9,144,43,101,0.9392125259037531,0.9742113746258347,0.8834906746488603
MYLK,46,3,43,0.9922480620155039,0.8294573643410853,1.0
MYO15A,182,115,67,0.9562621674237508,0.9419857235561323,0.9105775470473718
MYO1E,10,5,5,1.0,1.0,1.0
MYO5B,58,21,37,0.9652509652509652,0.9575289575289574,0.9498069498069498
MYO7A,210,173,37,0.9739103265114826,0.9757850335885019,0.9573504139978128
MYOC,71,45,26,0.9974358974358974,0.9931623931623932,0.9880341880341881
MYORG,10,3,7,0.8095238095238095,0.8095238095238095,0.8095238095238095
MYRF,33,15,18,0.9592592592592593,0.9666666666666668,0.9444444444444444
MYT1L,54,31,23,0.9396914446002805,0.9424964936886395,0.9158485273492285
NAA10,33,28,5,0.9785714285714285,0.8142857142857143,0.85
NAA15,20,15,5,0.8133333333333332,0.96,0.8533333333333333
NACC1,50,6,44,0.75,0.8939393939393939,0.7651515151515151
NADSYN1,12,5,7,1.0,0.942857142857143,0.9714285714285715
NAGLU,125,109,16,0.9569954128440367,0.93348623853211,0.8927752293577982
NAGS,15,10,5,0.9600000000000001,0.9400000000000001,0.9600000000000001
NALCN,89,82,7,0.8327526132404182,0.8336236933797909,0.8327526132404182
NANS,11,6,5,1.0,0.8333333333333334,0.9
NARS2,17,9,8,0.9861111111111112,0.9027777777777778,0.8888888888888888
NBAS,155,11,144,0.9507575757575757,0.9337121212121212,0.956439393939394
NBEA,73,9,64,0.8541666666666667,0.921875,0.7881944444444444
NBEAL2,43,12,31,0.978494623655914,0.9946236559139784,0.9919354838709677
NCDN,8,5,3,0.9333333333333333,1.0,0.8666666666666667
NCF1,6,3,3,1.0,1.0,1.0
NCF2,16,5,11,0.8,0.9454545454545454,0.8545454545454546
NCKAP1L,18,10,8,0.6375,0.7375,0.7250000000000001
NDST1,10,4,6,0.9583333333333334,0.875,0.875
NDUFA10,13,6,7,0.9047619047619049,0.9047619047619047,0.8809523809523809
NDUFA9,17,6,11,0.9848484848484849,0.9696969696969697,0.9393939393939393
NDUFAF1,12,3,9,0.8888888888888888,0.8518518518518519,0.9259259259259258
NDUFAF5,24,19,5,1.0,0.9473684210526315,0.9578947368421052
NDUFAF6,17,10,7,1.0,1.0,0.9571428571428571
NDUFB8,9,3,6,0.888888888888889,0.9444444444444444,0.888888888888889
NDUFS2,8,5,3,0.9333333333333333,1.0,1.0
NDUFS7,8,5,3,1.0,1.0,0.8
NDUFV1,26,21,5,0.9714285714285714,0.9714285714285714,0.9238095238095239
NEB,299,6,293,0.8128555176336747,0.7707622298065985,0.6262798634812288
NECTIN4,10,5,5,0.9600000000000001,0.8800000000000001,1.0
NEDD4L,102,6,96,0.857638888888889,0.8437499999999999,0.7899305555555556
NEFL,20,15,5,0.9199999999999999,0.9466666666666668,1.0
NEK1,12,4,8,0.96875,0.9375,0.9375
NEK9,19,6,13,0.8846153846153846,0.9871794871794872,0.8076923076923077
NEU1,44,29,15,0.9448275862068967,0.9655172413793104,0.9149425287356322
NEUROD1,7,4,3,1.0,0.9166666666666667,1.0
NEUROD2,13,9,4,0.9722222222222222,0.7777777777777778,0.8888888888888888
NEUROG3,10,6,4,1.0,1.0,1.0
NF1,510,421,89,0.9550561797752808,0.9518668766180042,0.9560436627612159
NF2,13,9,4,0.9444444444444444,0.9444444444444444,1.0
NFE2L2,45,5,40,0.995,0.98,0.875
NFIB,14,7,7,1.0,1.0,1.0
NFIX,48,41,7,0.9825783972125436,0.975609756097561,0.9790940766550522
NFKBIA,25,7,18,0.8174603174603174,0.8968253968253967,0.5873015873015872
NFU1,13,10,3,1.0,1.0,1.0
NGLY1,20,10,10,1.0,1.0,1.0
NHEJ1,9,5,4,1.0,1.0,1.0
NHLRC2,13,4,9,1.0,1.0,0.9166666666666667
NIPBL,169,98,71,0.9686691578039667,0.9666570853693589,0.964070135096292
NKAP,10,3,7,1.0,1.0,1.0
NKX2-5,39,28,11,0.987012987012987,0.9415584415584416,0.9415584415584416
NKX6-2,8,5,3,0.9333333333333333,0.9333333333333333,1.0
NLGN3,11,7,4,0.9285714285714286,0.9285714285714286,0.7857142857142857
NLRC4,24,11,13,0.8951048951048951,0.8811188811188811,0.9090909090909091
NLRP1,42,5,37,0.972972972972973,0.9513513513513514,0.972972972972973
NLRP2,55,3,52,0.6923076923076923,0.8397435897435898,0.7435897435897436
NLRP7,39,17,22,0.8262032085561496,0.8756684491978609,0.6336898395721925
NNT,23,9,14,1.0,1.0,0.9523809523809523
NOG,30,25,5,0.9440000000000001,1.0,0.9760000000000001
NOTCH1,282,26,256,0.9535757211538461,0.95703125,0.9484675480769231
NOTCH2,60,10,50,0.9219999999999999,0.85,0.91
NOTCH3,340,255,85,0.9604613610149942,0.9631372549019608,0.9650288350634372
NPC1,220,204,16,0.9206495098039216,0.9414828431372548,0.9090073529411764
NPHP3,16,9,7,0.8095238095238095,0.7936507936507936,0.7301587301587302
NPHP4,30,4,26,1.0,1.0,1.0
NPHS1,122,83,39,0.9672536299042322,0.9456286685202349,0.9375965400061784
NPHS2,40,37,3,0.963963963963964,0.9189189189189189,0.972972972972973
NPR2,33,29,4,0.7586206896551724,0.9741379310344828,0.9827586206896551
NPR3,6,3,3,1.0,1.0,1.0
NPRL2,8,3,5,1.0,0.9333333333333333,0.8
NR0B1,40,21,19,0.9849624060150376,0.987468671679198,0.9899749373433584
NR2E3,35,26,9,0.8504273504273504,0.8974358974358975,0.905982905982906
NR2F1,76,67,9,0.9718076285240465,0.9883913764510779,0.933665008291874
NR3C2,26,10,16,0.99375,1.0,1.0
NR4A2,32,21,11,0.8658008658008658,0.9393939393939393,0.9567099567099566
NR5A1,65,57,8,0.9385964912280702,0.9605263157894737,0.9342105263157894
NRCAM,13,4,9,0.8888888888888888,0.8611111111111112,0.638888888888889
NSD1,412,167,245,0.9841134058413784,0.9864475131369913,0.9857265061713307
NSD2,74,20,54,0.9564814814814815,0.9648148148148148,0.9046296296296296
NSDHL,34,7,27,0.9894179894179894,0.9894179894179894,0.9682539682539681
NSUN2,15,5,10,0.9,0.9,0.9400000000000001
NT5C2,6,3,3,1.0,1.0,1.0
NTNG2,9,6,3,1.0,1.0,1.0
NTRK1,57,35,22,0.964935064935065,0.9688311688311687,0.9090909090909091
NTRK2,10,3,7,0.7142857142857142,0.8571428571428572,0.7142857142857142
NUP107,12,6,6,0.9722222222222223,0.8611111111111112,0.8611111111111112
NUP214,34,3,31,0.978494623655914,0.989247311827957,1.0
NUP85,10,3,7,1.0,1.0,1.0
NUP93,17,6,11,0.9545454545454545,0.8636363636363636,0.9696969696969696
NUS1,8,4,4,0.9375,0.9375,0.9375
OAT,45,40,5,1.0,0.985,0.99
OCA2,112,86,26,0.9807692307692308,0.971824686940966,0.9561717352415027
OCRL,70,33,37,1.0,0.9934479934479934,0.9975429975429976
OFD1,52,11,41,0.9157427937915742,0.9068736141906873,0.9002217294900222
OGDHL,12,3,9,0.8888888888888888,0.8888888888888888,0.9259259259259258
OPA1,15,3,12,1.0,0.9722222222222222,0.5277777777777777
OPHN1,29,10,19,0.8368421052631578,0.9000000000000001,0.8789473684210527
OPLAH,40,3,37,0.954954954954955,1.0,0.945945945945946
OPN1MW,17,4,13,0.9615384615384616,0.9807692307692308,1.0
OPTN,8,4,4,1.0,1.0,1.0
ORAI1,13,9,4,0.9722222222222222,0.8888888888888888,0.9166666666666666
ORC1,23,6,17,0.9019607843137254,0.892156862745098,0.9803921568627451
ORC4,8,3,5,1.0,0.9333333333333333,1.0
ORC6,10,4,6,1.0,1.0,1.0
OSMR,25,5,20,0.9600000000000001,0.8700000000000001,0.89
OTC,276,266,10,0.8781954887218045,0.9349624060150377,0.8293233082706767
OTOF,126,44,82,0.9345898004434589,0.9416574279379156,0.9548226164079823
OTULIN,10,6,4,1.0,1.0,0.875
OXCT1,12,8,4,1.0,1.0,0.90625
P4HA2,8,3,5,0.8,0.6666666666666666,0.7333333333333333
PABPC1L,10,7,3,1.0,1.0,1.0
PACS1,78,4,74,0.8817567567567568,0.856418918918919,0.7263513513513513
PADI3,14,5,9,0.9333333333333333,0.8666666666666667,1.0
PADI6,15,5,10,0.96,1.0,1.0
PAFAH1B1,59,45,14,0.9365079365079365,0.926984126984127,0.8539682539682539
PAK1,29,25,4,0.99,1.0,1.0
PALB2,88,11,77,0.9126328217237307,0.8937426210153483,0.3778040141676505
PANK2,6,3,3,0.7777777777777778,0.888888888888889,1.0
PARK7,11,8,3,0.7916666666666666,0.8333333333333334,0.6666666666666667
PATL2,17,6,11,0.7878787878787878,0.8333333333333334,0.8030303030303031
PAX3,78,68,10,0.9705882352941176,0.9676470588235294,0.9514705882352941
PAX5,14,7,7,1.0,1.0,0.9591836734693877
PAX8,23,14,9,1.0,1.0,0.9841269841269841
PAX9,23,18,5,1.0,0.9777777777777779,0.9888888888888889
PBX1,26,22,4,1.0,1.0,1.0
PC,46,20,26,0.9846153846153847,0.9980769230769231,0.9980769230769231
PCCA,50,42,8,0.9642857142857143,0.8898809523809523,0.9017857142857143
PCDH12,48,3,45,0.9925925925925926,1.0,0.9925925925925926
PCDH19,140,121,19,0.9921705089169204,0.9847759895606786,0.9817311874728143
PCGF2,27,3,24,0.6111111111111112,1.0,0.9305555555555556
PCSK1,22,12,10,0.925,1.0,1.0
PCSK9,42,15,27,0.711111111111111,0.8691358024691358,0.7999999999999999
PCYT1A,22,9,13,0.9914529914529915,1.0,0.9743589743589745
PDE2A,8,3,5,0.9333333333333333,1.0,1.0
PDE3A,27,9,18,0.8271604938271605,1.0,0.8024691358024691
PDE4D,38,24,14,0.9940476190476191,1.0,0.9940476190476191
PDE6A,20,15,5,0.88,0.8800000000000001,0.7866666666666667
PDE6B,46,34,12,0.9656862745098039,0.963235294117647,0.8504901960784312
PDE6C,36,27,9,0.9794238683127572,0.9794238683127572,0.9218106995884774
PDGFB,18,8,10,0.8749999999999999,0.8624999999999999,0.875
PDGFRA,35,3,32,0.9895833333333334,0.9791666666666666,0.96875
PDGFRB,106,21,85,0.9747899159663865,0.9725490196078431,0.9579831932773111
PDHB,13,10,3,1.0,0.9,0.9333333333333333
PDSS1,8,5,3,0.8666666666666667,1.0,0.8666666666666667
PDZD7,18,3,15,0.9777777777777777,1.0,0.9777777777777777
PEPD,31,13,18,0.9786324786324786,0.8376068376068376,0.8504273504273505
PET100,8,3,5,1.0,0.8666666666666667,0.6666666666666666
PEX1,48,24,24,0.9583333333333334,0.9270833333333334,0.9149305555555556
PEX10,10,6,4,1.0,0.9583333333333334,0.8333333333333334
PEX16,9,4,5,1.0,1.0,1.0
PEX2,6,3,3,1.0,1.0,1.0
PEX6,44,26,18,0.9294871794871795,0.8525641025641026,0.782051282051282
PGAP3,21,12,9,1.0,1.0,1.0
PGK1,33,15,18,0.862962962962963,0.8962962962962963,0.8666666666666667
PHACTR1,10,6,4,0.7916666666666666,0.9166666666666667,0.7083333333333333
PHEX,171,141,30,0.96548463356974,0.9684397163120567,0.968321513002364
PHF6,28,24,4,0.8958333333333334,0.9375,0.8645833333333334
PHGDH,15,12,3,0.6944444444444444,0.7222222222222222,0.7222222222222223
PHIP,96,33,63,0.9365079365079365,0.9586339586339586,0.9417989417989419
PHKA2,74,27,47,0.9535066981875493,0.9637509850275807,0.9251379038613081
PHOX2B,11,5,6,1.0,1.0,1.0
PHYH,11,8,3,1.0,1.0,1.0
PI4KA,16,12,4,0.8958333333333333,0.7708333333333333,0.875
PIBF1,16,3,13,0.9743589743589745,0.9230769230769231,0.8717948717948717
PIEZO1,128,20,108,0.9277777777777778,0.938425925925926,0.9319444444444445
PIEZO2,20,8,12,0.9583333333333333,0.9583333333333334,0.8958333333333333
PIGA,40,22,18,0.9772727272727273,0.9772727272727273,0.8863636363636364
PIGB,16,6,10,0.95,0.9166666666666667,0.9500000000000001
PIGC,6,3,3,1.0,1.0,1.0
PIGG,32,3,29,1.0,0.9425287356321839,0.9885057471264368
PIGK,9,6,3,1.0,1.0,1.0
PIGL,8,5,3,1.0,1.0,1.0
PIGN,25,14,11,0.8701298701298701,0.9090909090909091,0.9285714285714285
PIGO,17,6,11,0.9090909090909091,0.9696969696969697,0.9090909090909091
PIGS,17,4,13,0.9615384615384616,0.8846153846153846,0.9807692307692308
PIGT,15,7,8,0.9464285714285714,0.9821428571428571,0.9642857142857143
PIGV,12,8,4,0.78125,0.9375,0.9375
PIGW,13,6,7,0.9285714285714286,0.8809523809523809,0.7142857142857143
PIK3CA,91,84,7,0.8809523809523809,0.8877551020408163,0.8537414965986394
PIK3CD,36,13,23,0.9765886287625418,0.9966555183946488,0.822742474916388
PIK3CG,14,3,11,0.8181818181818181,0.9090909090909091,0.9696969696969697
PIK3R2,53,12,41,0.8943089430894309,0.9288617886178862,0.8658536585365854
PINK1,20,9,11,0.9797979797979798,0.9898989898989898,1.0
PIP5K1C,11,4,7,1.0,1.0,1.0
PJVK,8,4,4,0.8125,0.9375,1.0
PKD1,372,177,195,0.9705055772852383,0.976445023902651,0.9752861074894974
PKD2,35,19,16,0.9605263157894737,0.9539473684210527,0.9703947368421052
PKHD1,229,169,60,0.9479289940828403,0.9512820512820513,0.932741617357002
PKHD1L1,45,3,42,0.8888888888888888,0.9285714285714285,0.8888888888888888
PKP2,24,5,19,1.0,0.9263157894736842,0.8105263157894738
PLA2G4A,13,3,10,0.8666666666666667,0.9333333333333333,0.9666666666666667
PLA2G6,70,63,7,0.9954648526077097,0.9909297052154195,0.9410430839002266
PLAA,8,5,3,1.0,1.0,1.0
PLCB4,17,9,8,1.0,1.0,1.0
PLCE1,39,4,35,1.0,1.0,1.0
PLCG2,48,7,41,0.9442508710801394,0.9128919860627178,0.8710801393728222
PLCZ1,11,6,5,0.9666666666666668,1.0,1.0
PLD1,27,6,21,1.0,0.992063492063492,0.992063492063492
PLEKHA7,19,3,16,0.875,0.8958333333333334,0.8333333333333334
PLG,22,9,13,0.905982905982906,0.8076923076923077,0.7521367521367521
PLOD1,20,6,14,0.9523809523809524,0.9047619047619049,0.8333333333333333
PLP1,88,83,5,0.7903614457831325,0.8746987951807228,0.8265060240963855
PLPBP,9,5,4,1.0,0.9,0.9
PLS3,8,4,4,1.0,1.0,1.0
PLXNA1,31,4,27,0.9537037037037037,0.9537037037037037,0.8888888888888888
PLXNB2,26,3,23,1.0,0.9855072463768116,0.855072463768116
PLXND1,35,4,31,0.9758064516129032,0.9838709677419355,0.9596774193548387
PMP2,13,5,8,0.95,0.925,0.95
PMP22,36,33,3,0.98989898989899,1.0,1.0
PMPCA,11,6,5,0.9666666666666668,0.8666666666666667,0.9333333333333333
PMPCB,14,4,10,0.9500000000000001,1.0,0.9750000000000001
PMS2,78,32,46,0.9904891304347826,0.9932065217391305,0.9898097826086957
PNKD,18,3,15,0.7333333333333334,0.6444444444444444,0.5333333333333333
PNKP,16,8,8,0.9375,0.96875,0.96875
PNP,14,10,4,1.0,1.0,1.0
PNPLA2,14,6,8,0.9791666666666666,1.0,1.0
PNPT1,23,14,9,0.9761904761904762,0.9761904761904763,0.9761904761904762
POC1A,13,7,6,0.9285714285714286,0.9047619047619049,0.738095238095238
POC1B,11,3,8,1.0,1.0,0.9166666666666666
POGZ,78,14,64,0.9308035714285714,0.9425223214285714,0.8783482142857143
POLD1,37,4,33,1.0,1.0,1.0
POLE,77,12,65,0.9371794871794872,0.9512820512820512,0.9307692307692308
POLG,135,117,18,0.982905982905983,0.9924026590693258,0.9653371320037987
POLK,19,15,4,0.7333333333333333,1.0,0.9166666666666666
POLR1A,23,4,19,1.0,1.0,0.9736842105263158
POLR1C,20,17,3,1.0,1.0,0.9803921568627452
POLR3A,29,22,7,0.961038961038961,0.9805194805194806,0.8571428571428572
POLR3B,34,28,6,0.8928571428571429,0.9642857142857143,0.7797619047619048
POLRMT,45,7,38,0.9699248120300752,0.9736842105263158,0.9661654135338346
POMGNT1,34,31,3,0.978494623655914,0.9569892473118279,0.989247311827957
POMGNT2,11,4,7,1.0,0.9642857142857143,1.0
POMT2,26,18,8,0.9791666666666666,0.9930555555555556,1.0
POPDC3,7,4,3,1.0,1.0,1.0
PORCN,31,15,16,0.9624999999999999,0.9916666666666667,0.9833333333333333
POT1,38,10,28,0.9107142857142858,0.9642857142857143,0.7678571428571429
POU3F3,25,20,5,0.9700000000000001,0.9800000000000001,0.99
PPA2,23,14,9,0.992063492063492,0.9682539682539683,1.0
PPP1R12A,29,4,25,0.99,0.97,0.84
PPP2CA,23,17,6,0.8529411764705882,0.9607843137254902,0.7352941176470589
PPP2R1A,51,20,31,0.8806451612903226,0.9491935483870968,0.8338709677419355
PPP2R5D,27,20,7,0.8428571428571429,0.8392857142857143,0.8142857142857143
PPP3CA,26,21,5,0.8857142857142858,0.9619047619047619,0.9714285714285714
PPT1,47,44,3,0.9772727272727273,0.9469696969696969,0.9545454545454546
PQBP1,11,6,5,1.0,1.0,1.0
PRDM12,10,7,3,1.0,1.0,1.0
PRDM6,9,3,6,0.9444444444444444,0.9444444444444444,0.9444444444444444
PRF1,58,53,5,1.0,0.9735849056603774,0.969811320754717
PRKAG2,39,25,14,1.0,1.0,1.0
PRKAR1B,10,5,5,0.8,0.7600000000000001,0.88
PRKCG,52,47,5,0.9957446808510639,1.0,1.0
PRKCSH,18,3,15,0.8444444444444444,0.9111111111111112,0.8222222222222223
PRKN,33,19,14,0.9323308270676692,0.9360902255639098,0.8721804511278195
PRKRA,9,3,6,0.16666666666666666,0.27777777777777773,0.22222222222222224
PRLR,9,3,6,1.0,1.0,0.888888888888889
PRMT7,18,8,10,0.9875,1.0,0.9750000000000001
PRNP,26,20,6,0.8416666666666668,0.9416666666666667,0.8583333333333334
PROK2,7,4,3,0.9166666666666667,1.0,1.0
PROKR2,10,5,5,0.8,0.92,0.8400000000000001
PROM1,23,12,11,0.856060606060606,0.8863636363636362,0.8181818181818182
PROP1,47,41,6,0.8902439024390244,0.959349593495935,0.6991869918699187
PRPF3,14,8,6,1.0,0.9791666666666667,0.8958333333333334
PRPF8,37,33,4,0.6742424242424243,0.6212121212121212,0.6515151515151516
PRRT2,43,19,24,1.0,0.9978070175438597,1.0
PRRX1,7,3,4,1.0,1.0,1.0
PRSS1,29,10,19,0.7105263157894738,0.6421052631578947,0.631578947368421
PRSS56,22,11,11,0.9752066115702479,1.0,1.0
PRUNE1,17,9,8,0.8888888888888888,1.0,0.9305555555555556
PSAP,28,19,9,0.9707602339181287,0.9473684210526316,0.8830409356725146
PSEN1,136,132,4,0.7689393939393939,0.8049242424242424,0.7178030303030303
PSEN2,17,7,10,0.8714285714285713,1.0,0.8285714285714285
PSMB10,8,4,4,1.0,1.0,1.0
PSMB8,13,4,9,0.9166666666666667,0.9722222222222222,0.9722222222222222
PSTPIP1,15,4,11,0.8181818181818181,0.8181818181818181,0.7954545454545454
PTCH1,178,50,128,0.98234375,0.984609375,0.97765625
PTCHD1,20,4,16,1.0,1.0,1.0
PTDSS1,25,8,17,0.7794117647058824,0.8382352941176471,0.7647058823529412
PTEN,253,246,7,0.997096399535424,0.997096399535424,0.9953542392566782
PTH1R,20,14,6,1.0,1.0,1.0
PTPN11,98,91,7,0.880690737833595,0.989010989010989,0.728414442700157
PTPN23,27,3,24,0.875,0.9444444444444444,0.9861111111111112
PUF60,28,21,7,0.9931972789115646,1.0,0.9795918367346939
PUM1,13,3,10,0.8333333333333333,1.0,0.8333333333333333
PURA,86,59,27,0.9485247959824231,0.9500941619585688,0.911487758945386
PUS1,12,5,7,1.0,0.8857142857142857,0.9714285714285715
PUS7,10,5,5,1.0,1.0,1.0
PXDN,25,4,21,0.9523809523809523,0.8690476190476191,0.8571428571428572
PYCR2,14,11,3,1.0,0.9696969696969697,0.7575757575757577
PYGL,24,16,8,0.9296875,0.96875,0.9140625
PYGM,54,49,5,0.9387755102040816,0.9387755102040816,0.8979591836734694
PYROXD1,8,4,4,1.0,1.0,0.9375
RAB11B,24,6,18,0.9444444444444444,0.9907407407407407,0.8518518518518519
RAB3GAP1,13,3,10,1.0,1.0,1.0
RAB3GAP2,18,5,13,1.0,0.9538461538461538,0.9692307692307692
RAD21,22,11,11,0.9834710743801652,1.0,0.9421487603305785
RAD50,20,5,15,0.8,0.8400000000000001,0.6799999999999999
RAD51C,89,18,71,0.9593114241001564,0.9413145539906103,0.9718309859154929
RAF1,48,34,14,0.9747899159663865,0.9936974789915967,0.9747899159663865
RAG1,84,66,18,0.9208754208754208,0.984006734006734,0.9520202020202021
RAG2,75,66,9,0.9427609427609428,0.9461279461279462,0.9949494949494949
RAI1,356,7,349,0.7286123618501842,0.7924682767089644,0.6811297584936553
RALA,19,12,7,0.8214285714285714,0.9761904761904763,0.8809523809523809
RANBP2,62,4,58,0.7586206896551725,0.8017241379310345,0.7370689655172413
RAPSN,24,19,5,0.8947368421052632,0.9578947368421052,0.8842105263157894
RARS2,35,25,10,0.976,0.9760000000000001,0.944
RASA1,28,6,22,0.9848484848484849,0.9848484848484849,0.9393939393939393
RASGRP2,13,10,3,1.0,1.0,0.8
RAX2,7,4,3,0.75,0.6666666666666667,0.6666666666666667
RB1,105,41,64,0.9432164634146342,0.9512195121951219,0.9401676829268293
RBSN,7,3,4,1.0,1.0,1.0
RCBTB1,9,4,5,0.7000000000000001,0.85,0.9
RDH5,20,14,6,1.0,1.0,1.0
RECQL4,66,7,59,0.7433414043583535,0.7857142857142857,0.7046004842615012
RELN,220,10,210,0.8271428571428572,0.7711904761904762,0.7761904761904762
RELT,14,4,10,0.9,1.0,1.0
REN,11,8,3,0.8333333333333334,0.9583333333333334,0.7083333333333334
RERE,115,21,94,0.9483282674772037,0.9138804457953394,0.9118541033434651
RET,110,64,46,0.9534646739130435,0.9840353260869565,0.9694293478260869
RFT1,18,9,9,0.9876543209876543,0.9876543209876544,0.9753086419753086
RFX6,23,4,19,1.0,1.0,1.0
RHAG,12,9,3,1.0,1.0,1.0
RHO,139,132,7,0.9664502164502164,0.9134199134199135,0.9415584415584415
RIPK1,10,6,4,0.5416666666666666,0.9166666666666666,0.5
RLBP1,15,10,5,0.86,0.9,0.8200000000000001
RLIM,25,12,13,0.9871794871794872,0.9935897435897436,0.9935897435897436
RMND1,19,11,8,0.9204545454545454,0.9204545454545454,0.9090909090909091
RNASEH1,9,3,6,0.9444444444444444,0.9444444444444445,0.9444444444444444
RNASEH2A,14,9,5,0.9777777777777779,1.0,0.9333333333333333
RNASEH2B,11,8,3,1.0,0.9166666666666666,1.0
RNASEL,17,3,14,0.8571428571428571,0.9285714285714286,0.9523809523809524
RNF31,12,3,9,0.8518518518518519,0.888888888888889,0.8148148148148148
RNF6,11,3,8,0.7916666666666667,0.875,0.5833333333333333
ROBO3,39,17,22,0.9946524064171124,0.8743315508021391,0.9946524064171124
ROBO4,33,6,27,0.42592592592592593,0.7098765432098766,0.5308641975308642
ROR2,39,15,24,0.9083333333333333,0.8916666666666667,0.9027777777777778
RP1L1,211,6,205,0.691869918699187,0.8126016260162602,0.6910569105691057
RP2,44,18,26,1.0,0.9722222222222223,0.9636752136752137
RPE65,131,125,6,0.8653333333333334,0.9319999999999999,0.8400000000000001
RPGR,97,51,46,0.9658994032395566,0.9680306905370843,0.9522591645353793
RPGRIP1,31,13,18,0.9316239316239315,0.9487179487179487,0.9273504273504274
RPGRIP1L,25,10,15,0.9,0.8666666666666667,0.8666666666666667
RPL3L,12,6,6,0.8611111111111112,0.6944444444444444,0.8611111111111112
RPS6KA3,52,41,11,0.9977827050997783,1.0,0.9889135254988913
RPS6KC1,19,3,16,0.8541666666666666,0.875,0.9583333333333334
RS1,158,149,9,0.9962714392244594,0.976882923191648,0.9627143922445935
RSPH1,12,3,9,0.9629629629629629,1.0,0.9629629629629629
RSPH9,6,3,3,1.0,1.0,1.0
RSPO4,10,6,4,1.0,1.0,1.0
RTEL1,64,12,52,0.9230769230769231,0.9407051282051282,0.9695512820512819
RTN4IP1,14,7,7,0.7346938775510204,0.8367346938775511,0.7346938775510203
RTTN,42,8,34,0.8786764705882353,0.8823529411764706,0.875
RUNX2,44,40,4,0.825,0.95,0.925
RXYLT1,10,3,7,1.0,0.9523809523809524,0.9523809523809524
RYR1,328,268,60,0.8698383084577115,0.9194651741293532,0.9105099502487563
RYR2,284,232,52,0.9593003978779842,0.9869860742705571,0.9631962864721486
SACS,519,54,465,0.9498207885304659,0.9248307447232179,0.9303066507367583
SAMD9,93,29,64,0.8566810344827587,0.869073275862069,0.8572198275862069
SAMD9L,84,15,69,0.9207729468599034,0.9159420289855073,0.7642512077294686
SAMHD1,15,11,4,0.9772727272727273,0.9772727272727273,0.9772727272727273
SART3,11,7,4,1.0,1.0,1.0
SASH1,29,12,17,0.9656862745098039,0.9705882352941175,0.9166666666666666
SATB1,16,13,3,1.0,1.0,0.8717948717948718
SATB2,123,50,73,0.9224657534246575,0.9749315068493151,0.9016438356164383
SC5D,11,5,6,1.0,1.0,1.0
SCARF2,11,5,6,1.0,1.0,0.9666666666666667
SCN11A,60,9,51,0.9041394335511983,0.9172113289760349,0.8867102396514162
SCN1A,1050,991,59,0.959328875130411,0.9758846568266945,0.9672989105337872
SCN1B,11,7,4,1.0,1.0,1.0
SCN2A,422,391,31,0.9297912713472485,0.9575117564557379,0.9470340730962792
SCN3A,75,27,48,0.9652777777777778,0.9760802469135802,0.9575617283950617
SCN4A,124,105,19,0.9639097744360903,0.9834586466165414,0.9363408521303258
SCN5A,72,48,24,0.90625,0.9401041666666667,0.921875
SCN8A,303,266,37,0.893111156269051,0.9232371469213574,0.9547856126803494
SCN9A,19,6,13,1.0,1.0,0.9358974358974359
SCNN1B,26,13,13,0.9112426035502958,0.8875739644970414,0.8816568047337278
SCO1,6,3,3,1.0,1.0,1.0
SCO2,8,5,3,1.0,1.0,0.8
SCUBE3,7,3,4,1.0,1.0,1.0
SCYL1,22,5,17,0.8352941176470587,0.8705882352941176,0.8352941176470587
SDHA,46,23,23,0.9792060491493384,0.9300567107750474,0.9527410207939508
SDHB,82,76,6,1.0,0.9890350877192983,0.9780701754385965
SDHD,31,27,4,1.0,1.0,0.8981481481481481
SDR9C7,10,3,7,1.0,1.0,0.8095238095238095
SEC23B,23,15,8,0.8416666666666667,0.8583333333333334,0.9
SEC24D,25,8,17,0.8897058823529411,0.9411764705882353,0.8970588235294117
SEC63,16,6,10,0.85,0.9,0.8833333333333334
SEMA6B,49,4,45,0.7722222222222223,0.9222222222222222,0.8833333333333333
SEPSECS,12,7,5,1.0,0.942857142857143,0.8571428571428571
SERAC1,20,7,13,1.0,1.0,0.989010989010989
SERPINA1,76,28,48,0.8333333333333333,0.796875,0.8645833333333334
SERPINA7,11,3,8,0.6666666666666666,0.4583333333333333,0.5416666666666666
SERPINC1,78,68,10,0.926470588235294,0.9647058823529413,0.9720588235294119
SERPING1,130,106,24,0.9866352201257862,0.9842767295597483,0.9221698113207547
SERPINH1,7,3,4,1.0,1.0,1.0
SERPINI1,21,5,16,1.0,1.0,1.0
SETBP1,327,21,306,0.9042950513538749,0.9410208527855587,0.8962029256146903
SETD1A,98,11,87,0.8422152560083594,0.9393939393939393,0.77533960292581
SETD1B,103,24,79,0.9483122362869199,0.9585970464135022,0.9409282700421941
SETD2,178,12,166,0.9588353413654619,0.9487951807228916,0.983433734939759
SETD5,124,24,100,0.9508333333333334,0.94375,0.9375
SETX,221,21,200,0.9145238095238095,0.9542857142857143,0.9361904761904762
SF3B4,8,3,5,1.0,0.8666666666666667,1.0
SGCG,13,8,5,0.8500000000000001,0.9750000000000001,1.0
SGPL1,12,6,6,1.0,0.9166666666666667,0.9722222222222223
SGSH,79,66,13,0.9557109557109558,0.8927738927738929,0.9312354312354313
SH3TC2,32,13,19,0.9959514170040487,0.9392712550607287,0.951417004048583
SHH,66,55,11,0.9520661157024793,0.921487603305785,0.9504132231404958
SHMT2,7,3,4,1.0,1.0,0.9166666666666666
SHOC2,12,4,8,0.59375,0.6875,0.53125
SI,29,7,22,0.948051948051948,0.9285714285714286,0.8441558441558441
SIN3A,21,7,14,0.9795918367346939,0.9693877551020409,0.9693877551020409
SIX3,14,10,4,1.0,1.0,1.0
SKI,62,25,37,0.9772972972972973,0.9697297297297297,0.9708108108108108
SLC10A7,10,3,7,1.0,1.0,1.0
SLC12A1,28,19,9,0.9824561403508771,0.935672514619883,0.9239766081871345
SLC12A2,17,6,11,0.6969696969696969,0.6969696969696969,0.4242424242424242
SLC12A3,138,127,11,0.9914101646385112,0.9971367215461704,0.9663564781675018
SLC12A6,13,8,5,1.0,1.0,1.0
SLC13A3,7,3,4,1.0,1.0,1.0
SLC16A2,62,32,30,0.9697916666666666,0.9791666666666667,0.9802083333333333
SLC18A2,8,4,4,1.0,1.0,1.0
SLC19A2,14,11,3,1.0,1.0,1.0
SLC19A3,28,20,8,0.98125,0.99375,1.0
SLC1A2,78,8,70,0.8089285714285714,0.8375,0.8160714285714286
SLC1A4,16,8,8,0.984375,1.0,0.96875
SLC20A2,28,16,12,0.953125,0.9635416666666665,0.9322916666666667
SLC22A12,13,10,3,1.0,1.0,1.0
SLC24A5,9,3,6,1.0,1.0,0.9444444444444444
SLC25A12,7,4,3,1.0,1.0,1.0
SLC25A15,20,16,4,1.0,0.96875,1.0
SLC25A19,17,13,4,1.0,1.0,0.8653846153846154
SLC25A24,12,3,9,0.7777777777777779,0.8888888888888888,0.8888888888888888
SLC25A26,12,4,8,1.0,1.0,1.0
SLC25A38,19,16,3,1.0,1.0,1.0
SLC25A4,15,12,3,0.9722222222222223,1.0,1.0
SLC25A46,16,10,6,1.0,1.0,1.0
SLC26A2,41,33,8,0.9734848484848485,0.9962121212121212,0.9583333333333334
SLC26A3,43,22,21,0.9891774891774892,0.9956709956709957,0.9696969696969697
SLC26A4,252,232,20,0.9178879310344827,0.9502155172413794,0.8314655172413793
SLC27A4,21,11,10,0.9818181818181818,0.990909090909091,0.9636363636363636
SLC29A3,23,9,14,1.0,0.9920634920634921,1.0
SLC2A1,127,121,6,0.9696969696969697,0.9600550964187328,0.9008264462809917
SLC2A10,41,16,25,1.0,0.9875,0.98
SLC2A2,18,11,7,0.9090909090909091,0.9610389610389611,0.9870129870129871
SLC2A9,19,7,12,0.8928571428571428,0.8928571428571428,0.9642857142857142
SLC34A1,16,8,8,0.96875,0.921875,1.0
SLC34A3,35,15,20,0.9433333333333334,0.99,0.8833333333333334
SLC35A1,7,4,3,1.0,1.0,1.0
SLC35A2,13,6,7,1.0,0.8333333333333334,0.7142857142857142
SLC35C1,7,4,3,1.0,1.0,1.0
SLC38A8,28,7,21,0.9455782312925171,0.9659863945578231,0.8435374149659863
SLC39A14,14,7,7,0.9183673469387755,0.9183673469387755,1.0
SLC39A4,30,10,20,0.7849999999999999,0.99,0.975
SLC39A7,11,3,8,1.0,1.0,1.0
SLC39A8,12,5,7,0.8571428571428572,0.942857142857143,0.9142857142857143
SLC3A1,45,42,3,0.9603174603174602,0.9682539682539683,0.9206349206349206
SLC40A1,45,37,8,0.9493243243243243,0.9898648648648649,0.9425675675675677
SLC45A2,42,38,4,0.9671052631578947,0.9078947368421053,0.868421052631579
SLC46A1,13,7,6,0.9761904761904763,1.0,0.9761904761904763
SLC4A1,55,41,14,0.9668989547038327,0.9869337979094077,0.9825783972125436
SLC4A2,6,3,3,0.888888888888889,0.7777777777777778,0.7777777777777778
SLC4A4,9,6,3,1.0,1.0,1.0
SLC52A2,21,17,4,0.9705882352941176,0.8529411764705882,0.8970588235294118
SLC52A3,18,9,9,0.9753086419753086,0.9876543209876543,1.0
SLC5A1,22,14,8,1.0,1.0,1.0
SLC5A2,25,22,3,0.9696969696969697,1.0,1.0
SLC5A5,15,10,5,1.0,1.0,1.0
SLC5A6,27,3,24,0.888888888888889,0.9722222222222222,0.9166666666666666
SLC5A7,10,6,4,1.0,0.875,1.0
SLC6A1,147,88,59,0.940677966101695,0.9614791987673343,0.9148690292758089
SLC6A19,18,8,10,0.9500000000000001,0.925,0.925
SLC6A3,12,5,7,1.0,1.0,1.0
SLC6A8,88,35,53,0.9778975741239893,0.9919137466307278,0.9590296495956874
SLC7A14,15,4,11,0.5,0.49999999999999994,0.75
SLC7A7,20,16,4,0.921875,0.828125,0.828125
SLC7A9,30,25,5,0.952,0.896,0.96
SLC9A3,20,5,15,0.9866666666666667,1.0,1.0
SLCO2A1,37,19,18,1.0,1.0,0.9970760233918128
SLFN14,24,3,21,0.8571428571428571,0.9206349206349207,0.9682539682539683
SLITRK2,7,4,3,1.0,0.8333333333333334,1.0
SMAD4,37,31,6,0.8655913978494625,0.924731182795699,0.9193548387096774
SMAD6,23,11,12,0.8560606060606061,0.9393939393939394,0.893939393939394
SMARCA2,213,115,98,0.9756876663708962,0.9737355811889974,0.9509316770186336
SMARCA4,82,67,15,0.9303482587064676,0.9840796019900498,0.9751243781094527
SMARCAL1,36,20,16,1.0,1.0,0.99375
SMARCC2,13,5,8,1.0,0.975,1.0
SMARCD1,11,6,5,0.9333333333333333,0.9,0.5666666666666667
SMARCE1,26,15,11,1.0,1.0,1.0
SMC1A,91,77,14,0.9276437847866419,0.9684601113172543,0.7875695732838589
SMC3,64,53,11,0.9485420240137221,0.934819897084048,0.8799313893653516
SMCHD1,33,22,11,0.9876033057851239,0.9545454545454545,0.9793388429752066
SMG9,7,3,4,1.0,1.0,1.0
SMO,18,9,9,1.0,1.0,1.0
SMOC1,12,5,7,0.942857142857143,0.942857142857143,0.9142857142857143
SMPD1,157,143,14,0.9900099900099899,0.9840159840159841,0.986013986013986
SMS,31,27,4,0.9907407407407407,1.0,1.0
SNAP25,25,18,7,0.9444444444444444,0.857142857142857,0.8650793650793651
SNAPC4,39,3,36,1.0,1.0,0.9907407407407407
SNCA,8,5,3,0.8666666666666667,0.8,0.8666666666666667
SNRNP200,73,15,58,0.9137931034482758,0.9310344827586208,0.839080459770115
SNX27,8,3,5,0.7333333333333333,1.0,1.0
SON,265,3,262,0.9249363867684479,0.9942748091603054,0.9045801526717557
SORD,13,4,9,0.9166666666666667,0.9444444444444444,0.8333333333333334
SOS1,126,62,64,0.9029737903225807,0.9324596774193549,0.8951612903225807
SOS2,99,11,88,0.8409090909090908,0.9462809917355371,0.8739669421487604
SOX10,65,49,16,0.9885204081632653,0.9961734693877551,0.9732142857142856
SOX11,83,56,27,0.9947089947089948,0.9821428571428572,0.9867724867724867
SOX17,16,6,10,1.0,1.0,0.9666666666666667
SOX2,32,19,13,0.979757085020243,0.9959514170040487,0.9757085020242915
SOX4,19,13,6,1.0,1.0,1.0
SOX5,41,23,18,0.9613526570048309,0.961352657004831,0.9975845410628019
SOX6,19,4,15,0.6666666666666667,0.6000000000000001,0.8500000000000001
SOX9,76,47,29,0.9691856199559794,0.9845928099779897,0.9823917828319881
SPAST,195,171,24,0.9885477582846004,0.9868421052631579,0.9873294346978556
SPATA7,15,3,12,1.0,1.0,0.8055555555555556
SPG11,38,10,28,0.8607142857142858,0.8214285714285715,0.8071428571428572
SPG7,40,34,6,0.9558823529411764,0.9950980392156863,0.8333333333333333
SPINK1,14,3,11,0.9696969696969697,1.0,1.0
SPINT2,15,8,7,0.9464285714285715,0.9285714285714286,0.9285714285714286
SPOUT1,10,6,4,1.0,1.0,1.0
SPRED1,24,8,16,0.9609375,0.921875,0.890625
SPTA1,54,10,44,0.7931818181818182,0.9022727272727272,0.8159090909090909
SPTAN1,77,12,65,0.7243589743589743,0.8269230769230769,0.7538461538461538
SPTB,33,15,18,0.9925925925925926,0.9851851851851852,0.9777777777777777
SPTBN1,61,21,40,0.9130952380952381,0.9333333333333332,0.8535714285714286
SPTBN2,90,24,66,0.9172979797979797,0.9517045454545454,0.9191919191919191
SPTLC1,21,12,9,0.8611111111111112,0.9351851851851852,0.8703703703703703
SPTLC2,24,10,14,0.8642857142857143,0.8071428571428572,0.8285714285714286
SQSTM1,13,5,8,0.95,0.875,0.8250000000000001
SRCAP,92,5,87,0.6896551724137931,0.6482758620689656,0.5954022988505747
ST14,31,3,28,0.9880952380952381,0.9880952380952381,0.7142857142857142
ST3GAL5,9,5,4,0.95,1.0,0.85
STAG1,43,16,27,0.9236111111111112,0.976851851851852,0.923611111111111
STAG2,24,10,14,0.9214285714285715,0.95,0.8642857142857143
STAMBP,10,7,3,1.0,1.0,1.0
STAT3,119,90,29,0.9318007662835249,0.9540229885057471,0.849425287356322
STAT5B,8,5,3,1.0,1.0,1.0
STAT6,12,6,6,0.9444444444444444,1.0,1.0
STIL,16,4,12,0.9375,0.9166666666666666,0.875
STK11,54,40,14,0.9982142857142857,0.9875,1.0
STRC,18,6,12,0.986111111111111,0.9722222222222222,0.9722222222222222
STUB1,23,20,3,1.0,1.0,0.9666666666666667
STXBP1,179,129,50,0.9206201550387597,0.9066666666666666,0.9265116279069767
SUCLA2,18,9,9,0.9753086419753086,0.9753086419753086,0.9259259259259259
SUCLG1,12,9,3,1.0,1.0,1.0
SUFU,12,3,9,1.0,1.0,1.0
SULT2B1,15,4,11,1.0,1.0,1.0
SUMF1,36,28,8,0.9910714285714286,1.0,0.9732142857142857
SUOX,23,14,9,0.9365079365079366,0.9365079365079365,0.8968253968253969
SUPT16H,11,6,5,0.9333333333333333,0.9666666666666668,0.9333333333333333
SUZ12,18,5,13,0.9846153846153847,1.0,0.9846153846153847
SYK,8,3,5,1.0,1.0,1.0
SYN1,11,3,8,0.8333333333333333,0.8333333333333333,0.9166666666666666
SYNE1,107,5,102,0.5882352941176471,0.8313725490196079,0.7352941176470589
SYNGAP1,190,64,126,0.8776041666666666,0.9430803571428572,0.9310515873015874
SZT2,10,3,7,0.6190476190476191,1.0,0.9047619047619049
TACR3,10,5,5,0.9600000000000001,1.0,1.0
TACSTD2,9,4,5,1.0,1.0,1.0
TALDO1,11,7,4,1.0,1.0,1.0
TAOK1,25,16,9,0.9861111111111112,1.0,0.9513888888888888
TARS2,20,12,8,1.0,1.0,0.96875
TAT,14,10,4,1.0,0.95,0.9
TBC1D24,40,35,5,0.9142857142857144,0.9142857142857143,0.9600000000000001
TBC1D8B,15,4,11,0.7954545454545454,0.8863636363636364,0.9090909090909091
TBCD,43,13,30,0.923076923076923,0.9615384615384616,0.958974358974359
TBCE,8,3,5,0.8666666666666667,1.0,0.9333333333333333
TBK1,20,6,14,0.9285714285714286,0.9166666666666666,1.0
TBR1,36,23,13,1.0,1.0,0.9966555183946488
TBX19,12,8,4,1.0,1.0,1.0
TBX2,13,4,9,0.6944444444444444,0.638888888888889,0.6944444444444444
TBX20,8,3,5,1.0,1.0,0.6666666666666666
TBX22,12,7,5,1.0,1.0,1.0
TBX4,18,8,10,1.0,0.9750000000000001,0.9500000000000001
TBX5,55,31,24,0.9260752688172043,0.9354838709677419,0.9274193548387096
TCAP,7,3,4,0.9166666666666666,0.6666666666666666,0.3333333333333333
TCF20,155,4,151,0.9486754966887417,0.9188741721854304,0.9701986754966887
TCF7L2,7,4,3,0.8333333333333334,1.0,1.0
TCIRG1,24,9,15,0.9037037037037037,0.9703703703703703,0.962962962962963
TCOF1,76,10,66,0.9333333333333333,0.8954545454545454,0.9333333333333333
TCTN2,8,3,5,1.0,1.0,1.0
TCTN3,12,6,6,1.0,1.0,0.888888888888889
TECTA,58,27,31,0.9151732377538829,0.9205495818399045,0.8661887694145758
TEK,46,17,29,0.9939148073022313,0.9797160243407708,0.9148073022312373
TELO2,43,5,38,0.9842105263157895,0.9736842105263158,0.9473684210526316
TENT5A,8,3,5,0.8666666666666667,0.8,0.8666666666666667
TERT,78,43,35,0.9514950166112957,0.9664451827242525,0.9295681063122923
TF,20,6,14,0.9404761904761905,0.9166666666666667,0.8571428571428571
TFE3,34,18,16,0.9930555555555556,1.0,0.9826388888888888
TFG,10,5,5,0.8,1.0,0.76
TFR2,24,7,17,0.9327731092436975,0.9579831932773109,0.9579831932773109
TG,76,13,63,1.0,0.9853479853479854,0.9914529914529915
TGDS,11,8,3,1.0,0.9166666666666667,0.7500000000000001
TGFB3,10,7,3,1.0,1.0,1.0
TGFBI,28,20,8,0.775,0.84375,0.7625000000000001
TGFBR1,7,3,4,1.0,1.0,1.0
TGM1,112,94,18,0.9716312056737588,0.9864066193853428,0.9799054373522459
TGM5,23,5,18,1.0,0.9777777777777777,1.0
THG1L,6,3,3,0.7777777777777779,0.7777777777777779,0.5555555555555556
THOC2,25,19,6,0.9824561403508772,0.9561403508771931,0.9824561403508772
THOC6,9,6,3,1.0,1.0,1.0
THPO,8,4,4,1.0,1.0,1.0
THRA,12,9,3,0.925925925925926,1.0,0.925925925925926
THRB,66,62,4,0.9919354838709677,0.9919354838709677,1.0
TIAM1,23,5,18,0.8333333333333334,0.9111111111111111,0.9000000000000001
TIMP3,14,10,4,0.8500000000000001,1.0,0.975
TINF2,20,13,7,1.0,0.9780219780219781,0.989010989010989
TK2,44,41,3,0.9674796747967479,0.934959349593496,0.7723577235772359
TLK2,13,6,7,0.8809523809523809,1.0,0.9523809523809523
TLL1,13,3,10,0.9666666666666667,0.9666666666666667,0.9666666666666667
TLR7,10,4,6,0.9166666666666667,0.9166666666666667,0.9583333333333334
TMC1,46,42,4,0.9821428571428571,0.9940476190476191,0.9702380952380952
TMEM127,10,7,3,0.9523809523809524,0.8095238095238095,0.6666666666666667
TMEM231,24,7,17,0.7394957983193278,0.8823529411764706,0.6134453781512604
TMEM260,14,3,11,0.8787878787878787,1.0,1.0
TMEM63A,41,8,33,0.9128787878787878,0.9318181818181819,0.9128787878787878
TMEM63B,11,7,4,0.8571428571428572,0.8214285714285714,0.9285714285714286
TMEM67,76,69,7,0.9979296066252589,0.9461697722567288,1.0
TMEM70,12,3,9,1.0,1.0,1.0
TMPRSS3,42,34,8,0.9926470588235294,0.9852941176470589,0.9411764705882353
TNC,73,4,69,0.572463768115942,0.5543478260869565,0.5036231884057971
TNFRSF11A,20,8,12,0.96875,0.9583333333333334,0.84375
TNFRSF11B,6,3,3,1.0,0.7777777777777778,0.888888888888889
TNFRSF1A,44,31,13,0.9875930521091811,0.9528535980148883,0.9925558312655087
TNNI3K,24,5,19,0.8842105263157894,0.8736842105263158,0.6947368421052632
TNNT1,7,4,3,1.0,1.0,0.75
TNNT2,51,48,3,0.9097222222222223,0.8055555555555556,0.9166666666666667
TNPO2,21,14,7,0.9183673469387755,1.0,0.9489795918367347
TNR,18,4,14,0.9285714285714286,0.9642857142857143,1.0
TOE1,21,11,10,0.9454545454545453,0.9363636363636363,0.9090909090909091
TOP2B,18,3,15,1.0,1.0,1.0
TOP3A,14,3,11,0.6666666666666666,0.6969696969696969,0.6363636363636364
TP53,383,230,153,0.9641375390736004,0.981841432225064,0.959789712986644
TP63,94,83,11,0.9539978094194961,0.968236582694414,0.963855421686747
TPO,49,28,21,0.979591836734694,0.9829931972789117,0.977891156462585
TPP1,59,48,11,0.9621212121212122,0.9450757575757577,0.9318181818181818
TRAF7,37,20,17,0.9588235294117646,0.9735294117647059,0.7352941176470588
TRAPPC11,18,3,15,0.7333333333333333,0.6666666666666666,0.888888888888889
TRDN,38,4,34,0.9852941176470588,1.0,1.0
TREM2,12,4,8,0.96875,1.0,0.96875
TRIM71,9,4,5,0.9500000000000001,1.0,0.9500000000000001
TRIO,137,36,101,0.9348184818481848,0.9273927392739274,0.9015401540154014
TRIP11,37,3,34,0.8235294117647058,0.8823529411764706,0.8921568627450981
TRIP13,7,3,4,0.8333333333333333,0.6666666666666666,0.8333333333333333
TRIT1,11,3,8,1.0,0.8333333333333334,1.0
TRMU,34,21,13,0.9597069597069596,0.945054945054945,0.9413919413919414
TRNT1,12,7,5,1.0,1.0,0.8857142857142857
TRPC6,27,14,13,0.8846153846153846,0.8406593406593407,0.6703296703296704
TRPM4,37,5,32,0.8500000000000001,0.85625,0.75
TRPM6,24,4,20,0.875,0.8374999999999999,0.9500000000000001
TRPM7,16,3,13,1.0,1.0,1.0
TRPV3,34,10,24,1.0,1.0,0.9958333333333333
TRPV4,84,61,23,0.7676407697790448,0.8193157519600855,0.7925873129009267
TRPV6,17,6,11,1.0,1.0,1.0
TRRAP,54,12,42,0.6805555555555556,0.9146825396825397,0.7301587301587301
TSC1,107,21,86,0.9723145071982281,0.9811738648947951,0.9761904761904763
TSC2,381,187,194,0.946331109763493,0.9400049616847677,0.9368487788742489
TSEN2,14,4,10,1.0,1.0,0.925
TSEN54,33,6,27,0.9691358024691358,0.9259259259259259,0.9320987654320987
TSPAN12,11,8,3,1.0,1.0,0.9583333333333334
TSPEAR,19,6,13,1.0,0.9743589743589743,0.9102564102564102
TTC21B,27,8,19,0.9539473684210527,0.9342105263157895,0.9407894736842105
TTC5,7,3,4,0.9166666666666666,1.0,0.75
TTC7A,17,3,14,1.0,1.0,1.0
TTI1,14,7,7,0.8571428571428572,0.8571428571428571,0.8367346938775511
TTI2,19,5,14,1.0,0.9857142857142858,0.9285714285714286
TTLL5,23,3,20,0.9333333333333333,1.0,0.9333333333333333
TTR,125,122,3,0.7978142076502732,0.7759562841530054,0.8606557377049181
TUBB1,15,4,11,0.9772727272727273,1.0,0.9772727272727273
TUBB2A,44,34,10,0.6911764705882353,0.8352941176470589,0.7558823529411764
TUBB2B,73,70,3,0.6952380952380952,0.6571428571428571,0.47142857142857153
TUBB3,65,55,10,0.6654545454545454,0.7090909090909091,0.7163636363636363
TUBB4A,49,45,4,0.48333333333333334,0.8500000000000001,0.8222222222222223
TUBGCP6,46,3,43,0.5736434108527132,0.6744186046511628,0.6744186046511628
TULP1,45,39,6,0.9743589743589743,0.9914529914529915,0.9829059829059829
TWNK,52,49,3,0.9931972789115646,1.0,1.0
TYK2,23,3,20,0.8666666666666667,0.9166666666666667,0.9166666666666667
TYMP,45,40,5,1.0,0.935,0.89
TYR,172,169,3,0.9467455621301775,0.980276134122288,0.9447731755424064
TYRP1,13,8,5,1.0,0.9750000000000001,0.9500000000000001
UBA5,17,14,3,0.880952380952381,0.8095238095238096,0.7857142857142858
UBE3B,14,6,8,1.0,0.8541666666666667,0.7708333333333333
UBIAD1,16,12,4,1.0,1.0,1.0
UBR1,35,5,30,0.94,0.9933333333333333,0.9933333333333333
UBR4,26,3,23,0.8840579710144928,0.8115942028985508,0.7391304347826086
UBR5,11,3,8,0.875,0.9583333333333334,0.9583333333333334
UFSP2,13,7,6,1.0,1.0,1.0
UGGT1,17,4,13,0.9230769230769231,0.9807692307692308,0.9615384615384616
UNC13A,20,8,12,0.96875,1.0,0.9479166666666666
UNC13D,17,9,8,0.8611111111111112,0.9444444444444444,0.9166666666666667
UNC45A,17,4,13,0.9615384615384616,1.0,0.9615384615384616
UQCRC1,7,4,3,0.9166666666666667,1.0,1.0
UROD,24,20,4,1.0,1.0,1.0
UROS,23,16,7,0.9196428571428571,0.9642857142857143,0.8660714285714286
USB1,13,3,10,1.0,1.0,1.0
USH1C,12,8,4,0.96875,0.96875,0.84375
USH1G,9,4,5,0.85,0.9,0.85
USH2A,460,326,134,0.9560937643072979,0.9646895888654886,0.9473491438512956
USP26,21,3,18,0.9259259259259259,0.8518518518518519,0.8333333333333334
USP45,21,4,17,0.7647058823529411,0.7205882352941178,0.7647058823529411
USP53,23,5,18,0.9888888888888888,0.9888888888888888,0.9777777777777777
USP7,29,15,14,0.9761904761904762,1.0,0.919047619047619
USP8,17,3,14,1.0,1.0,0.9761904761904763
USP9X,71,33,38,0.9090909090909091,0.9665071770334928,0.9035087719298246
VAC14,11,4,7,0.9642857142857143,0.9642857142857143,0.9642857142857143
VHL,203,168,35,0.945578231292517,0.9589285714285714,0.9238095238095237
VLDLR,11,5,6,1.0,1.0,0.9333333333333333
VPS13A,42,6,36,0.9583333333333334,0.9074074074074074,0.8518518518518519
VPS13D,52,10,42,0.9214285714285714,0.9880952380952381,1.0
VPS33B,7,4,3,1.0,1.0,1.0
VPS41,9,4,5,0.85,0.85,0.7000000000000001
VPS4A,13,7,6,0.9285714285714286,0.9523809523809524,0.8809523809523809
VPS53,9,4,5,0.55,0.65,0.6499999999999999
VWF,209,171,38,0.9461372730070791,0.9422129886118806,0.9295167743921207
WARS2,17,9,8,0.9583333333333333,0.9861111111111112,0.9861111111111112
WAS,71,50,21,0.98,0.9876190476190476,0.9828571428571429
WASF1,14,3,11,0.6666666666666666,0.7878787878787878,0.6969696969696969
WASHC5,18,12,6,0.9583333333333334,0.9583333333333334,0.9583333333333333
WDFY3,66,15,51,0.9111111111111112,0.9163398692810458,0.8901960784313726
WDR1,13,7,6,0.8571428571428572,1.0,0.7142857142857143
WDR19,36,25,11,0.9236363636363636,0.9709090909090908,0.9090909090909092
WDR35,10,4,6,0.875,0.875,0.875
WDR37,28,8,20,0.8,0.95625,0.91875
WDR4,21,5,16,1.0,0.95,0.9625
WDR45,22,12,10,1.0,0.75,0.625
WDR62,32,16,16,0.98828125,1.0,0.9375
WDR72,19,4,15,0.8166666666666667,0.8416666666666667,0.9000000000000001
WDR73,11,5,6,1.0,1.0,0.9666666666666667
WDR81,32,4,28,0.9375,0.9375,0.9732142857142857
WFS1,120,88,32,0.9556107954545454,0.9580965909090909,0.9477982954545455
WNK3,28,3,25,0.9466666666666667,0.9733333333333334,0.96
WNK4,44,4,40,0.9437500000000001,0.8374999999999999,0.9375
WNT10A,36,27,9,0.9711934156378601,0.9012345679012346,0.897119341563786
WNT10B,15,8,7,1.0,0.9285714285714285,0.9821428571428572
WNT4,8,5,3,1.0,1.0,1.0
WNT5A,24,11,13,0.8321678321678322,0.8321678321678322,0.7202797202797202
WRAP53,12,4,8,1.0,0.96875,1.0
WRN,25,7,18,0.873015873015873,0.880952380952381,0.9523809523809524
WWOX,30,13,17,0.9140271493212668,0.9411764705882353,0.5565610859728507
XIAP,21,3,18,0.9629629629629629,1.0,1.0
XPA,14,8,6,0.9791666666666667,0.9583333333333334,1.0
XPC,30,6,24,0.9930555555555556,0.9513888888888888,0.7916666666666666
XPR1,10,6,4,1.0,1.0,1.0
XRCC4,11,3,8,0.625,0.75,0.5833333333333333
XYLT2,12,3,9,1.0,1.0,1.0
YARS2,15,12,3,0.9444444444444444,1.0,0.888888888888889
YWHAG,16,13,3,1.0,1.0,1.0
YY1,31,28,3,1.0,1.0,0.9880952380952381
ZAP70,13,8,5,0.875,0.9500000000000001,1.0
ZBTB11,13,7,6,1.0,1.0,1.0
ZBTB20,99,58,41,0.9667788057190917,0.9970563498738435,0.9810765349032801
ZBTB7A,9,3,6,1.0,0.9444444444444444,0.8333333333333333
ZC4H2,29,25,4,1.0,0.99,0.9099999999999999
ZDHHC9,14,5,9,1.0,1.0,1.0
ZEB1,7,3,4,1.0,1.0,0.5833333333333334
ZEB2,170,39,131,0.9680955177138383,0.9633979252299862,0.9647680563711097
ZFHX3,66,3,63,0.9894179894179895,0.8994708994708994,0.8518518518518519
ZFPM2,33,5,28,0.7357142857142858,0.7928571428571428,0.6928571428571428
ZIC1,18,5,13,0.7846153846153846,0.9076923076923077,0.7230769230769231
ZIC2,12,9,3,1.0,1.0,0.962962962962963
ZIC3,17,8,9,1.0,1.0,1.0
ZMIZ1,70,8,62,0.719758064516129,0.8830645161290323,0.8064516129032258
ZMYM3,16,9,7,0.9047619047619048,1.0,0.9523809523809523
ZMYND10,16,6,10,1.0,0.9333333333333333,0.9500000000000001
ZMYND11,37,19,18,0.7163742690058479,0.9590643274853801,0.8947368421052632
ZNF148,11,4,7,0.8928571428571428,0.9285714285714286,0.8214285714285714
ZNF292,162,4,158,0.9620253164556962,0.9667721518987342,0.8924050632911392
ZNF335,30,5,25,0.984,0.9760000000000001,0.984
ZNF408,11,4,7,1.0,1.0,1.0
ZNRF3,14,7,7,0.979591836734694,0.979591836734694,1.0
ZSWIM6,82,3,79,0.9704641350210971,1.0,0.9029535864978903
